TransactionID,Item
TXA-0001,Pencil Case
TXA-0001,Sharpener
TXA-0002,Pencil
TXA-0002,Pencil Case
TXA-0002,Index Cards
TXA-0003,Pencil Case
TXA-0003,Folder
TXA-0003,Pencil
TXA-0003,Sharpener
TXA-0003,Highlighter
TXA-0003,Eraser
TXA-0004,Colored Pencils
TXA-0004,Highlighter
TXA-0004,Sharpener
TXA-0005,Glue Stick
TXA-0005,Sticky Notes
TXA-0005,Pencil Case
TXA-0005,Correction Tape
TXA-0005,Colored Pencils
TXA-0006,Ruler
TXA-0006,Eraser
TXA-0006,Index Cards
TXA-0006,Pencil Case
TXA-0007,Pencil Case
TXA-0007,Correction Tape
TXA-0007,Glue Stick
TXA-0007,Index Cards
TXA-0007,Colored Pencils
TXA-0008,Pencil
TXA-0008,Paper Clips
TXA-0008,Pencil Case
TXA-0008,Notebook
TXA-0008,Colored Pencils
TXA-0008,Watercolor Set
TXA-0009,Glue Stick
TXA-0009,Colored Pencils
TXA-0009,Pencil Case
TXA-0009,Ruler
TXA-0010,Protractor
TXA-0010,Sticky Notes
TXA-0010,Correction Tape
TXA-0010,Sharpener
TXA-0011,Highlighter
TXA-0011,Sharpener
TXA-0011,Ruler
TXA-0011,Pencil
TXA-0011,Notebook
TXA-0012,Glue Stick
TXA-0012,Pencil
TXA-0013,Pencil
TXA-0013,Notebook
TXA-0013,Protractor
TXA-0014,Eraser
TXA-0014,Sharpener
TXA-0014,Index Cards
TXA-0014,Pencil Case
TXA-0014,Correction Tape
TXA-0014,Sticky Notes
TXA-0015,Eraser
TXA-0015,Ruler
TXA-0015,Intermediate Pad
TXA-0015,Correction Tape
TXA-0015,Sharpener
TXA-0016,Sharpener
TXA-0016,Paper Clips
TXA-0016,Folder
TXA-0016,Eraser
TXA-0016,Ruler
TXA-0017,Scissors
TXA-0017,Crayon Set
TXA-0017,Sharpener
TXA-0017,Glue Stick
TXA-0017,Ruler
TXA-0017,Protractor
TXA-0018,Folder
TXA-0018,Pencil Case
TXA-0018,Pencil
TXA-0019,Pencil
TXA-0019,Eraser
TXA-0020,Glue Stick
TXA-0020,Sharpener
TXA-0020,Highlighter
TXA-0020,Notebook
TXA-0020,Pencil
TXA-0021,Correction Tape
TXA-0021,Pencil Case
TXA-0021,Colored Pencils
TXA-0021,Highlighter
TXA-0021,Folder
TXA-0021,Ruler
TXA-0022,Pencil
TXA-0022,Folder
TXA-0022,Scissors
TXA-0022,Compass
TXA-0023,Compass
TXA-0023,Crayon Set
TXA-0023,Folder
TXA-0023,Pencil Case
TXA-0024,Correction Tape
TXA-0024,Folder
TXA-0024,Pencil
TXA-0024,Sharpener
TXA-0025,Scissors
TXA-0025,Index Cards
TXA-0025,Folder
TXA-0026,Glue Stick
TXA-0026,Notebook
TXA-0027,Paper Clips
TXA-0027,Correction Tape
TXA-0028,Eraser
TXA-0028,Ruler
TXA-0028,Highlighter
TXA-0028,Pencil Case
TXA-0029,Sticky Notes
TXA-0029,Compass
TXA-0029,Folder
TXA-0029,Pencil
TXA-0029,Highlighter
TXA-0030,Pencil
TXA-0030,Glue Stick
TXA-0030,Highlighter
TXA-0030,Compass
TXA-0030,Paper Clips
TXA-0030,Index Cards
TXA-0031,Colored Pencils
TXA-0031,Sharpener
TXA-0031,Highlighter
TXA-0032,Notebook
TXA-0032,Scissors
TXA-0032,Pencil
TXA-0032,Eraser
TXA-0033,Pencil Case
TXA-0033,Glue Stick
TXA-0033,Highlighter
TXA-0033,Pencil
TXA-0034,Eraser
TXA-0034,Watercolor Set
TXA-0035,Pencil Case
TXA-0035,Ruler
TXA-0035,Colored Pencils
TXA-0035,Eraser
TXA-0036,Colored Pencils
TXA-0036,Watercolor Set
TXA-0036,Scissors
TXA-0037,Index Cards
TXA-0037,Sticky Notes
TXA-0037,Pencil
TXA-0038,Highlighter
TXA-0038,Ruler
TXA-0039,Notebook
TXA-0039,Crayon Set
TXA-0039,Highlighter
TXA-0039,Protractor
TXA-0039,Pencil Case
TXA-0040,Colored Pencils
TXA-0040,Sticky Notes
TXA-0040,Pencil
TXA-0040,Eraser
TXA-0040,Glue Stick
TXA-0041,Notebook
TXA-0041,Eraser
TXA-0041,Ruler
TXA-0042,Notebook
TXA-0042,Correction Tape
TXA-0043,Pencil Case
TXA-0043,Colored Pencils
TXA-0043,Scissors
TXA-0043,Pencil
TXA-0043,Eraser
TXA-0043,Correction Tape
TXA-0044,Pencil
TXA-0044,Scissors
TXA-0044,Ruler
TXA-0045,Watercolor Set
TXA-0045,Pencil
TXA-0045,Pencil Case
TXA-0045,Folder
TXA-0045,Intermediate Pad
TXA-0046,Ruler
TXA-0046,Colored Pencils
TXA-0046,Crayon Set
TXA-0046,Sticky Notes
TXA-0046,Glue Stick
TXA-0047,Pencil
TXA-0047,Sharpener
TXA-0047,Compass
TXA-0047,Highlighter
TXA-0047,Scissors
TXA-0048,Pencil Case
TXA-0048,Highlighter
TXA-0048,Folder
TXA-0048,Correction Tape
TXA-0049,Pencil Case
TXA-0049,Scissors
TXA-0049,Correction Tape
TXA-0050,Glue Stick
TXA-0050,Colored Pencils
TXA-0051,Notebook
TXA-0051,Intermediate Pad
TXA-0051,Glue Stick
TXA-0052,Glue Stick
TXA-0052,Highlighter
TXA-0052,Sharpener
TXA-0052,Scissors
TXA-0052,Notebook
TXA-0052,Intermediate Pad
TXA-0053,Highlighter
TXA-0053,Ruler
TXA-0053,Eraser
TXA-0054,Highlighter
TXA-0054,Ruler
TXA-0054,Sharpener
TXA-0055,Pencil Case
TXA-0055,Highlighter
TXA-0056,Protractor
TXA-0056,Pencil Case
TXA-0056,Ruler
TXA-0056,Sharpener
TXA-0056,Paper Clips
TXA-0056,Correction Tape
TXA-0057,Sharpener
TXA-0057,Pencil
TXA-0057,Correction Tape
TXA-0058,Glue Stick
TXA-0058,Protractor
TXA-0058,Highlighter
TXA-0058,Pencil Case
TXA-0059,Ruler
TXA-0059,Colored Pencils
TXA-0059,Intermediate Pad
TXA-0059,Pencil
TXA-0059,Pencil Case
TXA-0059,Eraser
TXA-0060,Pencil
TXA-0060,Sharpener
TXA-0060,Eraser
TXA-0060,Folder
TXA-0060,Index Cards
TXA-0060,Watercolor Set
TXA-0061,Folder
TXA-0061,Watercolor Set
TXA-0061,Sticky Notes
TXA-0061,Pencil Case
TXA-0061,Notebook
TXA-0061,Ruler
TXA-0062,Ruler
TXA-0062,Pencil
TXA-0063,Pencil
TXA-0063,Folder
TXA-0063,Crayon Set
TXA-0063,Glue Stick
TXA-0064,Pencil Case
TXA-0064,Watercolor Set
TXA-0065,Scissors
TXA-0065,Correction Tape
TXA-0065,Glue Stick
TXA-0066,Notebook
TXA-0066,Pencil Case
TXA-0066,Folder
TXA-0067,Watercolor Set
TXA-0067,Eraser
TXA-0068,Highlighter
TXA-0068,Ruler
TXA-0068,Scissors
TXA-0069,Compass
TXA-0069,Crayon Set
TXA-0069,Watercolor Set
TXA-0069,Eraser
TXA-0069,Pencil
TXA-0070,Correction Tape
TXA-0070,Pencil Case
TXA-0070,Crayon Set
TXA-0071,Index Cards
TXA-0071,Notebook
TXA-0071,Highlighter
TXA-0071,Crayon Set
TXA-0072,Eraser
TXA-0072,Sticky Notes
TXA-0072,Pencil Case
TXA-0073,Correction Tape
TXA-0073,Eraser
TXA-0074,Sharpener
TXA-0074,Sticky Notes
TXA-0074,Correction Tape
TXA-0074,Pencil
TXA-0074,Highlighter
TXA-0075,Ruler
TXA-0075,Correction Tape
TXA-0075,Compass
TXA-0075,Eraser
TXA-0075,Highlighter
TXA-0076,Highlighter
TXA-0076,Correction Tape
TXA-0076,Ruler
TXA-0076,Pencil Case
TXA-0076,Watercolor Set
TXA-0077,Pencil
TXA-0077,Compass
TXA-0077,Ruler
TXA-0077,Pencil Case
TXA-0078,Sharpener
TXA-0078,Index Cards
TXA-0078,Notebook
TXA-0078,Protractor
TXA-0078,Pencil Case
TXA-0079,Pencil
TXA-0079,Pencil Case
TXA-0079,Scissors
TXA-0079,Highlighter
TXA-0079,Correction Tape
TXA-0079,Crayon Set
TXA-0080,Sharpener
TXA-0080,Pencil Case
TXA-0080,Colored Pencils
TXA-0081,Highlighter
TXA-0081,Colored Pencils
TXA-0081,Pencil
TXA-0081,Paper Clips
TXA-0082,Ruler
TXA-0082,Notebook
TXA-0082,Folder
TXA-0082,Eraser
TXA-0082,Pencil Case
TXA-0082,Highlighter
TXA-0083,Highlighter
TXA-0083,Watercolor Set
TXA-0083,Scissors
TXA-0083,Eraser
TXA-0083,Folder
TXA-0084,Ruler
TXA-0084,Eraser
TXA-0085,Glue Stick
TXA-0085,Ruler
TXA-0085,Notebook
TXA-0085,Crayon Set
TXA-0085,Scissors
TXA-0085,Correction Tape
TXA-0086,Highlighter
TXA-0086,Eraser
TXA-0086,Colored Pencils
TXA-0087,Ruler
TXA-0087,Sticky Notes
TXA-0087,Crayon Set
TXA-0087,Highlighter
TXA-0087,Pencil
TXA-0087,Eraser
TXA-0088,Pencil Case
TXA-0088,Protractor
TXA-0089,Correction Tape
TXA-0089,Pencil Case
TXA-0089,Notebook
TXA-0089,Highlighter
TXA-0089,Eraser
TXA-0089,Crayon Set
TXA-0090,Notebook
TXA-0090,Pencil
TXA-0090,Crayon Set
TXA-0090,Paper Clips
TXA-0090,Correction Tape
TXA-0091,Index Cards
TXA-0091,Eraser
TXA-0092,Notebook
TXA-0092,Glue Stick
TXA-0092,Paper Clips
TXA-0092,Pencil
TXA-0092,Eraser
TXA-0092,Scissors
TXA-0093,Protractor
TXA-0093,Glue Stick
TXA-0093,Paper Clips
TXA-0093,Correction Tape
TXA-0093,Scissors
TXA-0093,Highlighter
TXA-0094,Notebook
TXA-0094,Watercolor Set
TXA-0094,Folder
TXA-0094,Pencil
TXA-0094,Correction Tape
TXA-0094,Scissors
TXA-0095,Sticky Notes
TXA-0095,Eraser
TXA-0095,Crayon Set
TXA-0096,Highlighter
TXA-0096,Eraser
TXA-0096,Pencil Case
TXA-0096,Sharpener
TXA-0096,Notebook
TXA-0097,Watercolor Set
TXA-0097,Pencil Case
TXA-0097,Eraser
TXA-0097,Folder
TXA-0098,Colored Pencils
TXA-0098,Pencil Case
TXA-0098,Notebook
TXA-0099,Notebook
TXA-0099,Pencil Case
TXA-0099,Correction Tape
TXA-0099,Folder
TXA-0099,Index Cards
TXA-0099,Compass
TXA-0100,Correction Tape
TXA-0100,Crayon Set
TXA-0101,Folder
TXA-0101,Intermediate Pad
TXA-0101,Ruler
TXA-0101,Notebook
TXA-0101,Watercolor Set
TXA-0102,Scissors
TXA-0102,Crayon Set
TXA-0102,Sticky Notes
TXA-0102,Watercolor Set
TXA-0102,Notebook
TXA-0103,Notebook
TXA-0103,Pencil Case
TXA-0103,Sharpener
TXA-0103,Crayon Set
TXA-0104,Colored Pencils
TXA-0104,Correction Tape
TXA-0104,Paper Clips
TXA-0104,Protractor
TXA-0104,Notebook
TXA-0105,Glue Stick
TXA-0105,Highlighter
TXA-0105,Pencil Case
TXA-0105,Notebook
TXA-0105,Watercolor Set
TXA-0106,Pencil Case
TXA-0106,Notebook
TXA-0106,Ruler
TXA-0107,Ruler
TXA-0107,Watercolor Set
TXA-0107,Eraser
TXA-0107,Intermediate Pad
TXA-0108,Eraser
TXA-0108,Pencil Case
TXA-0108,Pencil
TXA-0108,Highlighter
TXA-0108,Protractor
TXA-0109,Eraser
TXA-0109,Pencil Case
TXA-0109,Compass
TXA-0109,Pencil
TXA-0110,Intermediate Pad
TXA-0110,Eraser
TXA-0111,Glue Stick
TXA-0111,Eraser
TXA-0112,Highlighter
TXA-0112,Scissors
TXA-0112,Eraser
TXA-0112,Crayon Set
TXA-0112,Sticky Notes
TXA-0113,Glue Stick
TXA-0113,Compass
TXA-0113,Colored Pencils
TXA-0114,Compass
TXA-0114,Pencil
TXA-0114,Pencil Case
TXA-0115,Glue Stick
TXA-0115,Watercolor Set
TXA-0115,Sharpener
TXA-0115,Intermediate Pad
TXA-0116,Pencil Case
TXA-0116,Colored Pencils
TXA-0116,Highlighter
TXA-0117,Colored Pencils
TXA-0117,Ruler
TXA-0118,Sticky Notes
TXA-0118,Crayon Set
TXA-0118,Folder
TXA-0118,Pencil Case
TXA-0118,Scissors
TXA-0118,Highlighter
TXA-0119,Folder
TXA-0119,Ruler
TXA-0120,Sticky Notes
TXA-0120,Pencil
TXA-0120,Compass
TXA-0120,Highlighter
TXA-0120,Correction Tape
TXA-0121,Notebook
TXA-0121,Crayon Set
TXA-0121,Compass
TXA-0122,Glue Stick
TXA-0122,Paper Clips
TXA-0122,Crayon Set
TXA-0122,Notebook
TXA-0123,Eraser
TXA-0123,Correction Tape
TXA-0123,Sticky Notes
TXA-0123,Pencil Case
TXA-0123,Watercolor Set
TXA-0123,Sharpener
TXA-0124,Glue Stick
TXA-0124,Colored Pencils
TXA-0124,Ruler
TXA-0124,Folder
TXA-0124,Eraser
TXA-0125,Eraser
TXA-0125,Sticky Notes
TXA-0125,Sharpener
TXA-0125,Watercolor Set
TXA-0125,Colored Pencils
TXA-0126,Scissors
TXA-0126,Folder
TXA-0126,Pencil
TXA-0126,Ruler
TXA-0127,Folder
TXA-0127,Index Cards
TXA-0127,Colored Pencils
TXA-0127,Glue Stick
TXA-0127,Notebook
TXA-0128,Pencil Case
TXA-0128,Ruler
TXA-0129,Ruler
TXA-0129,Glue Stick
TXA-0129,Folder
TXA-0130,Sharpener
TXA-0130,Protractor
TXA-0130,Scissors
TXA-0130,Ruler
TXA-0130,Folder
TXA-0130,Eraser
TXA-0131,Pencil
TXA-0131,Eraser
TXA-0131,Pencil Case
TXA-0132,Intermediate Pad
TXA-0132,Highlighter
TXA-0132,Pencil
TXA-0132,Crayon Set
TXA-0132,Ruler
TXA-0132,Glue Stick
TXA-0133,Glue Stick
TXA-0133,Protractor
TXA-0133,Sticky Notes
TXA-0133,Eraser
TXA-0133,Sharpener
TXA-0133,Ruler
TXA-0134,Pencil
TXA-0134,Pencil Case
TXA-0134,Eraser
TXA-0134,Folder
TXA-0134,Compass
TXA-0134,Crayon Set
TXA-0135,Pencil
TXA-0135,Pencil Case
TXA-0135,Notebook
TXA-0135,Glue Stick
TXA-0135,Folder
TXA-0136,Eraser
TXA-0136,Correction Tape
TXA-0137,Sticky Notes
TXA-0137,Sharpener
TXA-0138,Glue Stick
TXA-0138,Colored Pencils
TXA-0139,Pencil
TXA-0139,Glue Stick
TXA-0139,Sharpener
TXA-0140,Pencil
TXA-0140,Index Cards
TXA-0140,Highlighter
TXA-0141,Eraser
TXA-0141,Scissors
TXA-0141,Folder
TXA-0141,Notebook
TXA-0141,Watercolor Set
TXA-0141,Protractor
TXA-0142,Scissors
TXA-0142,Pencil Case
TXA-0142,Compass
TXA-0142,Pencil
TXA-0143,Highlighter
TXA-0143,Eraser
TXA-0143,Pencil Case
TXA-0144,Pencil
TXA-0144,Pencil Case
TXA-0144,Eraser
TXA-0145,Colored Pencils
TXA-0145,Notebook
TXA-0145,Pencil Case
TXA-0145,Ruler
TXA-0145,Sharpener
TXA-0146,Pencil Case
TXA-0146,Ruler
TXA-0146,Sharpener
TXA-0146,Sticky Notes
TXA-0146,Highlighter
TXA-0147,Notebook
TXA-0147,Glue Stick
TXA-0147,Colored Pencils
TXA-0148,Sticky Notes
TXA-0148,Pencil Case
TXA-0148,Eraser
TXA-0148,Notebook
TXA-0149,Paper Clips
TXA-0149,Notebook
TXA-0149,Folder
TXA-0149,Eraser
TXA-0149,Sharpener
TXA-0149,Ruler
TXA-0150,Folder
TXA-0150,Pencil Case
TXA-0150,Pencil
TXA-0150,Glue Stick
TXA-0150,Notebook
TXA-0150,Sharpener
TXA-0151,Eraser
TXA-0151,Colored Pencils
TXA-0152,Glue Stick
TXA-0152,Pencil Case
TXA-0152,Index Cards
TXA-0152,Correction Tape
TXA-0152,Scissors
TXA-0152,Crayon Set
TXA-0153,Folder
TXA-0153,Highlighter
TXA-0153,Paper Clips
TXA-0154,Protractor
TXA-0154,Notebook
TXA-0154,Sticky Notes
TXA-0155,Notebook
TXA-0155,Sharpener
TXA-0156,Highlighter
TXA-0156,Correction Tape
TXA-0156,Ruler
TXA-0156,Colored Pencils
TXA-0157,Highlighter
TXA-0157,Sharpener
TXA-0157,Index Cards
TXA-0157,Pencil Case
TXA-0158,Ruler
TXA-0158,Sharpener
TXA-0159,Correction Tape
TXA-0159,Index Cards
TXA-0159,Pencil Case
TXA-0159,Watercolor Set
TXA-0159,Notebook
TXA-0160,Pencil
TXA-0160,Notebook
TXA-0161,Highlighter
TXA-0161,Index Cards
TXA-0161,Pencil
TXA-0161,Scissors
TXA-0161,Intermediate Pad
TXA-0162,Correction Tape
TXA-0162,Notebook
TXA-0162,Pencil Case
TXA-0162,Highlighter
TXA-0162,Sticky Notes
TXA-0163,Ruler
TXA-0163,Pencil Case
TXA-0163,Folder
TXA-0164,Protractor
TXA-0164,Watercolor Set
TXA-0164,Notebook
TXA-0165,Highlighter
TXA-0165,Pencil
TXA-0166,Folder
TXA-0166,Eraser
TXA-0166,Correction Tape
TXA-0166,Protractor
TXA-0167,Notebook
TXA-0167,Pencil
TXA-0167,Eraser
TXA-0168,Folder
TXA-0168,Correction Tape
TXA-0168,Sticky Notes
TXA-0168,Eraser
TXA-0168,Crayon Set
TXA-0168,Sharpener
TXA-0169,Eraser
TXA-0169,Pencil Case
TXA-0169,Index Cards
TXA-0169,Correction Tape
TXA-0169,Glue Stick
TXA-0169,Colored Pencils
TXA-0170,Notebook
TXA-0170,Folder
TXA-0170,Ruler
TXA-0171,Sharpener
TXA-0171,Paper Clips
TXA-0171,Correction Tape
TXA-0171,Protractor
TXA-0171,Eraser
TXA-0171,Notebook
TXA-0172,Pencil Case
TXA-0172,Index Cards
TXA-0172,Colored Pencils
TXA-0172,Correction Tape
TXA-0172,Notebook
TXA-0173,Folder
TXA-0173,Pencil Case
TXA-0173,Glue Stick
TXA-0174,Ruler
TXA-0174,Pencil Case
TXA-0174,Correction Tape
TXA-0174,Pencil
TXA-0174,Paper Clips
TXA-0174,Eraser
TXA-0175,Notebook
TXA-0175,Highlighter
TXA-0175,Pencil
TXA-0176,Index Cards
TXA-0176,Eraser
TXA-0176,Highlighter
TXA-0176,Notebook
TXA-0176,Pencil Case
TXA-0177,Correction Tape
TXA-0177,Sticky Notes
TXA-0177,Sharpener
TXA-0177,Eraser
TXA-0178,Correction Tape
TXA-0178,Pencil Case
TXA-0178,Pencil
TXA-0178,Highlighter
TXA-0178,Intermediate Pad
TXA-0179,Crayon Set
TXA-0179,Notebook
TXA-0179,Pencil Case
TXA-0180,Notebook
TXA-0180,Colored Pencils
TXA-0181,Pencil Case
TXA-0181,Sticky Notes
TXA-0182,Sharpener
TXA-0182,Notebook
TXA-0182,Eraser
TXA-0182,Scissors
TXA-0183,Pencil
TXA-0183,Pencil Case
TXA-0183,Watercolor Set
TXA-0184,Colored Pencils
TXA-0184,Folder
TXA-0184,Glue Stick
TXA-0184,Eraser
TXA-0184,Highlighter
TXA-0184,Notebook
TXA-0185,Watercolor Set
TXA-0185,Notebook
TXA-0186,Highlighter
TXA-0186,Pencil
TXA-0186,Notebook
TXA-0186,Sharpener
TXA-0187,Ruler
TXA-0187,Compass
TXA-0187,Colored Pencils
TXA-0187,Notebook
TXA-0187,Eraser
TXA-0187,Protractor
TXA-0188,Pencil
TXA-0188,Notebook
TXA-0188,Sharpener
TXA-0188,Ruler
TXA-0188,Index Cards
TXA-0189,Compass
TXA-0189,Highlighter
TXA-0190,Pencil Case
TXA-0190,Correction Tape
TXA-0190,Crayon Set
TXA-0190,Compass
TXA-0191,Crayon Set
TXA-0191,Sticky Notes
TXA-0191,Watercolor Set
TXA-0191,Colored Pencils
TXA-0191,Eraser
TXA-0191,Index Cards
TXA-0192,Highlighter
TXA-0192,Glue Stick
TXA-0192,Colored Pencils
TXA-0193,Highlighter
TXA-0193,Watercolor Set
TXA-0193,Glue Stick
TXA-0194,Index Cards
TXA-0194,Pencil Case
TXA-0194,Notebook
TXA-0194,Eraser
TXA-0195,Ruler
TXA-0195,Notebook
TXA-0195,Pencil
TXA-0195,Sticky Notes
TXA-0196,Scissors
TXA-0196,Paper Clips
TXA-0196,Sticky Notes
TXA-0196,Eraser
TXA-0197,Compass
TXA-0197,Ruler
TXA-0197,Correction Tape
TXA-0197,Crayon Set
TXA-0197,Notebook
TXA-0198,Pencil
TXA-0198,Compass
TXA-0199,Compass
TXA-0199,Index Cards
TXA-0199,Sharpener
TXA-0199,Crayon Set
TXA-0199,Pencil Case
TXA-0200,Pencil
TXA-0200,Notebook
TXA-0200,Index Cards
TXA-0200,Ruler
TXA-0200,Folder
TXA-0200,Colored Pencils
TXA-0201,Pencil
TXA-0201,Ruler
TXA-0201,Pencil Case
TXA-0201,Paper Clips
TXA-0202,Ruler
TXA-0202,Highlighter
TXA-0202,Colored Pencils
TXA-0202,Glue Stick
TXA-0202,Notebook
TXA-0202,Index Cards
TXA-0203,Pencil
TXA-0203,Pencil Case
TXA-0203,Eraser
TXA-0203,Protractor
TXA-0203,Sharpener
TXA-0204,Correction Tape
TXA-0204,Pencil
TXA-0204,Folder
TXA-0205,Notebook
TXA-0205,Crayon Set
TXA-0205,Pencil
TXA-0205,Folder
TXA-0205,Pencil Case
TXA-0205,Highlighter
TXA-0206,Paper Clips
TXA-0206,Ruler
TXA-0206,Colored Pencils
TXA-0206,Pencil
TXA-0206,Folder
TXA-0207,Correction Tape
TXA-0207,Pencil Case
TXA-0207,Colored Pencils
TXA-0208,Watercolor Set
TXA-0208,Highlighter
TXA-0208,Pencil Case
TXA-0208,Ruler
TXA-0208,Compass
TXA-0208,Intermediate Pad
TXA-0209,Pencil Case
TXA-0209,Ruler
TXA-0209,Colored Pencils
TXA-0209,Compass
TXA-0209,Pencil
TXA-0210,Eraser
TXA-0210,Pencil
TXA-0210,Highlighter
TXA-0210,Pencil Case
TXA-0211,Eraser
TXA-0211,Ruler
TXA-0211,Watercolor Set
TXA-0211,Notebook
TXA-0211,Pencil
TXA-0211,Paper Clips
TXA-0212,Ruler
TXA-0212,Protractor
TXA-0213,Scissors
TXA-0213,Sticky Notes
TXA-0213,Pencil
TXA-0214,Pencil
TXA-0214,Notebook
TXA-0215,Glue Stick
TXA-0215,Pencil Case
TXA-0215,Ruler
TXA-0216,Crayon Set
TXA-0216,Folder
TXA-0216,Index Cards
TXA-0217,Notebook
TXA-0217,Ruler
TXA-0217,Highlighter
TXA-0217,Folder
TXA-0217,Pencil
TXA-0218,Pencil Case
TXA-0218,Sticky Notes
TXA-0218,Correction Tape
TXA-0218,Scissors
TXA-0218,Notebook
TXA-0218,Compass
TXA-0219,Protractor
TXA-0219,Sticky Notes
TXA-0220,Colored Pencils
TXA-0220,Notebook
TXA-0220,Paper Clips
TXA-0220,Pencil Case
TXA-0220,Pencil
TXA-0221,Pencil
TXA-0221,Eraser
TXA-0221,Colored Pencils
TXA-0221,Highlighter
TXA-0221,Index Cards
TXA-0221,Notebook
TXA-0222,Scissors
TXA-0222,Notebook
TXA-0222,Highlighter
TXA-0222,Pencil Case
TXA-0222,Index Cards
TXA-0222,Watercolor Set
TXA-0223,Colored Pencils
TXA-0223,Eraser
TXA-0223,Folder
TXA-0223,Pencil
TXA-0223,Notebook
TXA-0223,Glue Stick
TXA-0224,Crayon Set
TXA-0224,Ruler
TXA-0224,Sharpener
TXA-0224,Eraser
TXA-0224,Compass
TXA-0225,Pencil Case
TXA-0225,Correction Tape
TXA-0225,Pencil
TXA-0225,Eraser
TXA-0225,Index Cards
TXA-0226,Scissors
TXA-0226,Glue Stick
TXA-0226,Folder
TXA-0227,Highlighter
TXA-0227,Sharpener
TXA-0227,Watercolor Set
TXA-0227,Intermediate Pad
TXA-0228,Correction Tape
TXA-0228,Colored Pencils
TXA-0228,Compass
TXA-0228,Scissors
TXA-0228,Ruler
TXA-0229,Folder
TXA-0229,Pencil
TXA-0229,Scissors
TXA-0229,Correction Tape
TXA-0229,Sharpener
TXA-0229,Highlighter
TXA-0230,Crayon Set
TXA-0230,Scissors
TXA-0231,Correction Tape
TXA-0231,Compass
TXA-0231,Crayon Set
TXA-0231,Scissors
TXA-0231,Glue Stick
TXA-0232,Glue Stick
TXA-0232,Highlighter
TXA-0233,Pencil Case
TXA-0233,Sharpener
TXA-0233,Index Cards
TXA-0233,Paper Clips
TXA-0234,Pencil Case
TXA-0234,Correction Tape
TXA-0234,Glue Stick
TXA-0234,Notebook
TXA-0235,Crayon Set
TXA-0235,Compass
TXA-0235,Pencil Case
TXA-0236,Eraser
TXA-0236,Notebook
TXA-0236,Sharpener
TXA-0236,Folder
TXA-0236,Index Cards
TXA-0236,Correction Tape
TXA-0237,Glue Stick
TXA-0237,Watercolor Set
TXA-0237,Pencil
TXA-0237,Index Cards
TXA-0237,Pencil Case
TXA-0237,Eraser
TXA-0238,Highlighter
TXA-0238,Notebook
TXA-0238,Sharpener
TXA-0238,Eraser
TXA-0238,Sticky Notes
TXA-0239,Sharpener
TXA-0239,Pencil
TXA-0240,Folder
TXA-0240,Colored Pencils
TXA-0240,Pencil Case
TXA-0240,Notebook
TXA-0240,Highlighter
TXA-0240,Pencil
TXA-0241,Intermediate Pad
TXA-0241,Crayon Set
TXA-0241,Colored Pencils
TXA-0241,Eraser
TXA-0242,Pencil Case
TXA-0242,Index Cards
TXA-0243,Pencil
TXA-0243,Glue Stick
TXA-0243,Ruler
TXA-0244,Sticky Notes
TXA-0244,Index Cards
TXA-0244,Pencil Case
TXA-0244,Correction Tape
TXA-0244,Pencil
TXA-0244,Eraser
TXA-0245,Correction Tape
TXA-0245,Scissors
TXA-0246,Notebook
TXA-0246,Highlighter
TXA-0246,Eraser
TXA-0246,Folder
TXA-0246,Compass
TXA-0246,Pencil
TXA-0247,Notebook
TXA-0247,Colored Pencils
TXA-0247,Ruler
TXA-0247,Folder
TXA-0247,Pencil Case
TXA-0247,Glue Stick
TXA-0248,Scissors
TXA-0248,Sharpener
TXA-0248,Ruler
TXA-0248,Notebook
TXA-0248,Eraser
TXA-0249,Pencil Case
TXA-0249,Highlighter
TXA-0249,Scissors
TXA-0250,Watercolor Set
TXA-0250,Sharpener
TXA-0250,Colored Pencils
TXA-0251,Eraser
TXA-0251,Pencil
TXA-0251,Ruler
TXA-0252,Pencil
TXA-0252,Index Cards
TXA-0252,Pencil Case
TXA-0252,Compass
TXA-0252,Highlighter
TXA-0252,Folder
TXA-0253,Crayon Set
TXA-0253,Notebook
TXA-0253,Paper Clips
TXA-0253,Scissors
TXA-0253,Highlighter
TXA-0253,Glue Stick
TXA-0254,Pencil
TXA-0254,Pencil Case
TXA-0254,Scissors
TXA-0254,Notebook
TXA-0255,Glue Stick
TXA-0255,Ruler
TXA-0255,Pencil Case
TXA-0255,Scissors
TXA-0256,Pencil Case
TXA-0256,Correction Tape
TXA-0257,Highlighter
TXA-0257,Compass
TXA-0258,Glue Stick
TXA-0258,Folder
TXA-0259,Glue Stick
TXA-0259,Intermediate Pad
TXA-0259,Crayon Set
TXA-0259,Pencil Case
TXA-0259,Watercolor Set
TXA-0260,Highlighter
TXA-0260,Ruler
TXA-0260,Folder
TXA-0260,Pencil
TXA-0260,Pencil Case
TXA-0260,Eraser
TXA-0261,Protractor
TXA-0261,Pencil Case
TXA-0261,Highlighter
TXA-0261,Pencil
TXA-0262,Protractor
TXA-0262,Folder
TXA-0262,Glue Stick
TXA-0262,Ruler
TXA-0262,Watercolor Set
TXA-0263,Notebook
TXA-0263,Ruler
TXA-0263,Highlighter
TXA-0263,Sticky Notes
TXA-0263,Colored Pencils
TXA-0264,Ruler
TXA-0264,Glue Stick
TXA-0265,Ruler
TXA-0265,Crayon Set
TXA-0265,Highlighter
TXA-0265,Paper Clips
TXA-0265,Correction Tape
TXA-0266,Pencil Case
TXA-0266,Colored Pencils
TXA-0266,Paper Clips
TXA-0266,Sharpener
TXA-0267,Pencil
TXA-0267,Crayon Set
TXA-0267,Pencil Case
TXA-0267,Glue Stick
TXA-0267,Colored Pencils
TXA-0268,Sticky Notes
TXA-0268,Highlighter
TXA-0268,Correction Tape
TXA-0268,Colored Pencils
TXA-0269,Pencil Case
TXA-0269,Colored Pencils
TXA-0269,Scissors
TXA-0269,Pencil
TXA-0269,Notebook
TXA-0269,Compass
TXA-0270,Intermediate Pad
TXA-0270,Folder
TXA-0270,Eraser
TXA-0270,Pencil
TXA-0271,Ruler
TXA-0271,Sticky Notes
TXA-0272,Index Cards
TXA-0272,Sticky Notes
TXA-0272,Watercolor Set
TXA-0272,Pencil Case
TXA-0272,Sharpener
TXA-0272,Colored Pencils
TXA-0273,Glue Stick
TXA-0273,Pencil
TXA-0273,Eraser
TXA-0274,Sticky Notes
TXA-0274,Pencil
TXA-0274,Folder
TXA-0274,Notebook
TXA-0274,Colored Pencils
TXA-0274,Eraser
TXA-0275,Glue Stick
TXA-0275,Crayon Set
TXA-0275,Sticky Notes
TXA-0275,Eraser
TXA-0275,Pencil
TXA-0276,Watercolor Set
TXA-0276,Pencil
TXA-0276,Colored Pencils
TXA-0276,Scissors
TXA-0276,Notebook
TXA-0277,Index Cards
TXA-0277,Folder
TXA-0277,Sharpener
TXA-0277,Pencil
TXA-0278,Index Cards
TXA-0278,Pencil
TXA-0278,Ruler
TXA-0279,Correction Tape
TXA-0279,Scissors
TXA-0279,Pencil Case
TXA-0279,Sticky Notes
TXA-0279,Index Cards
TXA-0280,Pencil Case
TXA-0280,Eraser
TXA-0280,Scissors
TXA-0280,Highlighter
TXA-0281,Pencil Case
TXA-0281,Paper Clips
TXA-0281,Sticky Notes
TXA-0281,Correction Tape
TXA-0281,Intermediate Pad
TXA-0282,Pencil Case
TXA-0282,Scissors
TXA-0282,Ruler
TXA-0282,Protractor
TXA-0282,Notebook
TXA-0283,Ruler
TXA-0283,Pencil Case
TXA-0284,Index Cards
TXA-0284,Pencil
TXA-0284,Sharpener
TXA-0284,Correction Tape
TXA-0285,Crayon Set
TXA-0285,Notebook
TXA-0285,Glue Stick
TXA-0286,Pencil Case
TXA-0286,Ruler
TXA-0287,Scissors
TXA-0287,Crayon Set
TXA-0287,Folder
TXA-0288,Index Cards
TXA-0288,Eraser
TXA-0289,Pencil Case
TXA-0289,Folder
TXA-0290,Notebook
TXA-0290,Pencil
TXA-0290,Paper Clips
TXA-0290,Highlighter
TXA-0290,Pencil Case
TXA-0290,Glue Stick
TXA-0291,Colored Pencils
TXA-0291,Ruler
TXA-0291,Pencil Case
TXA-0292,Eraser
TXA-0292,Notebook
TXA-0292,Colored Pencils
TXA-0292,Pencil Case
TXA-0293,Pencil Case
TXA-0293,Glue Stick
TXA-0293,Scissors
TXA-0293,Protractor
TXA-0294,Pencil Case
TXA-0294,Correction Tape
TXA-0294,Pencil
TXA-0294,Folder
TXA-0294,Notebook
TXA-0294,Index Cards
TXA-0295,Index Cards
TXA-0295,Ruler
TXA-0295,Colored Pencils
TXA-0295,Glue Stick
TXA-0296,Crayon Set
TXA-0296,Ruler
TXA-0296,Pencil Case
TXA-0296,Glue Stick
TXA-0296,Correction Tape
TXA-0296,Eraser
TXA-0297,Protractor
TXA-0297,Notebook
TXA-0297,Pencil
TXA-0297,Eraser
TXA-0297,Index Cards
TXA-0298,Pencil Case
TXA-0298,Ruler
TXA-0298,Sticky Notes
TXA-0298,Watercolor Set
TXA-0298,Notebook
TXA-0299,Folder
TXA-0299,Protractor
TXA-0299,Scissors
TXA-0299,Eraser
TXA-0300,Ruler
TXA-0300,Correction Tape
TXA-0300,Pencil Case
TXA-0301,Ruler
TXA-0301,Sticky Notes
TXA-0301,Notebook
TXA-0301,Sharpener
TXA-0302,Watercolor Set
TXA-0302,Sharpener
TXA-0302,Compass
TXA-0302,Folder
TXA-0302,Scissors
TXA-0303,Eraser
TXA-0303,Pencil Case
TXA-0303,Scissors
TXA-0303,Folder
TXA-0303,Protractor
TXA-0303,Ruler
TXA-0304,Ruler
TXA-0304,Pencil Case
TXA-0304,Colored Pencils
TXA-0304,Notebook
TXA-0305,Colored Pencils
TXA-0305,Pencil
TXA-0305,Folder
TXA-0305,Notebook
TXA-0305,Index Cards
TXA-0305,Paper Clips
TXA-0306,Protractor
TXA-0306,Eraser
TXA-0306,Compass
TXA-0306,Paper Clips
TXA-0306,Pencil Case
TXA-0306,Highlighter
TXA-0307,Folder
TXA-0307,Crayon Set
TXA-0307,Pencil
TXA-0307,Pencil Case
TXA-0308,Highlighter
TXA-0308,Notebook
TXA-0308,Pencil
TXA-0308,Ruler
TXA-0308,Crayon Set
TXA-0308,Folder
TXA-0309,Pencil Case
TXA-0309,Eraser
TXA-0309,Scissors
TXA-0309,Notebook
TXA-0309,Glue Stick
TXA-0309,Pencil
TXA-0310,Scissors
TXA-0310,Sharpener
TXA-0310,Colored Pencils
TXA-0311,Compass
TXA-0311,Pencil Case
TXA-0311,Eraser
TXA-0312,Sharpener
TXA-0312,Glue Stick
TXA-0312,Eraser
TXA-0312,Ruler
TXA-0312,Scissors
TXA-0312,Protractor
TXA-0313,Colored Pencils
TXA-0313,Protractor
TXA-0313,Pencil
TXA-0313,Eraser
TXA-0314,Notebook
TXA-0314,Watercolor Set
TXA-0315,Protractor
TXA-0315,Index Cards
TXA-0315,Intermediate Pad
TXA-0315,Compass
TXA-0315,Glue Stick
TXA-0316,Scissors
TXA-0316,Ruler
TXA-0317,Correction Tape
TXA-0317,Highlighter
TXA-0317,Paper Clips
TXA-0317,Scissors
TXA-0318,Folder
TXA-0318,Pencil
TXA-0318,Eraser
TXA-0318,Ruler
TXA-0319,Pencil Case
TXA-0319,Glue Stick
TXA-0319,Notebook
TXA-0319,Correction Tape
TXA-0319,Highlighter
TXA-0320,Correction Tape
TXA-0320,Pencil Case
TXA-0320,Notebook
TXA-0320,Crayon Set
TXA-0320,Scissors
TXA-0320,Sharpener
TXA-0321,Sticky Notes
TXA-0321,Pencil Case
TXA-0321,Compass
TXA-0321,Highlighter
TXA-0321,Notebook
TXA-0322,Sharpener
TXA-0322,Correction Tape
TXA-0322,Crayon Set
TXA-0322,Glue Stick
TXA-0322,Pencil
TXA-0322,Compass
TXA-0323,Folder
TXA-0323,Correction Tape
TXA-0323,Sticky Notes
TXA-0323,Notebook
TXA-0323,Eraser
TXA-0324,Ruler
TXA-0324,Crayon Set
TXA-0324,Sharpener
TXA-0325,Watercolor Set
TXA-0325,Sticky Notes
TXA-0325,Eraser
TXA-0325,Glue Stick
TXA-0325,Folder
TXA-0325,Pencil Case
TXA-0326,Glue Stick
TXA-0326,Pencil Case
TXA-0326,Colored Pencils
TXA-0326,Highlighter
TXA-0327,Pencil
TXA-0327,Colored Pencils
TXA-0327,Crayon Set
TXA-0327,Glue Stick
TXA-0327,Correction Tape
TXA-0327,Folder
TXA-0328,Pencil Case
TXA-0328,Intermediate Pad
TXA-0329,Eraser
TXA-0329,Ruler
TXA-0329,Highlighter
TXA-0329,Colored Pencils
TXA-0329,Pencil Case
TXA-0329,Paper Clips
TXA-0330,Ruler
TXA-0330,Intermediate Pad
TXA-0330,Folder
TXA-0330,Sticky Notes
TXA-0330,Highlighter
TXA-0330,Eraser
TXA-0331,Colored Pencils
TXA-0331,Pencil
TXA-0332,Folder
TXA-0332,Eraser
TXA-0332,Highlighter
TXA-0332,Ruler
TXA-0332,Index Cards
TXA-0333,Compass
TXA-0333,Pencil
TXA-0333,Notebook
TXA-0333,Highlighter
TXA-0334,Eraser
TXA-0334,Pencil
TXA-0334,Scissors
TXA-0334,Ruler
TXA-0335,Ruler
TXA-0335,Notebook
TXA-0336,Notebook
TXA-0336,Compass
TXA-0336,Watercolor Set
TXA-0336,Index Cards
TXA-0336,Paper Clips
TXA-0336,Highlighter
TXA-0337,Crayon Set
TXA-0337,Folder
TXA-0337,Notebook
TXA-0338,Correction Tape
TXA-0338,Folder
TXA-0338,Pencil Case
TXA-0338,Notebook
TXA-0338,Scissors
TXA-0339,Eraser
TXA-0339,Notebook
TXA-0339,Pencil Case
TXA-0340,Glue Stick
TXA-0340,Correction Tape
TXA-0340,Highlighter
TXA-0340,Eraser
TXA-0340,Pencil Case
TXA-0341,Notebook
TXA-0341,Watercolor Set
TXA-0342,Crayon Set
TXA-0342,Sharpener
TXA-0342,Notebook
TXA-0342,Glue Stick
TXA-0343,Sharpener
TXA-0343,Eraser
TXA-0343,Folder
TXA-0344,Crayon Set
TXA-0344,Eraser
TXA-0344,Protractor
TXA-0344,Highlighter
TXA-0344,Pencil Case
TXA-0345,Sharpener
TXA-0345,Sticky Notes
TXA-0346,Scissors
TXA-0346,Sharpener
TXA-0346,Pencil
TXA-0346,Highlighter
TXA-0347,Folder
TXA-0347,Pencil Case
TXA-0347,Eraser
TXA-0347,Notebook
TXA-0347,Highlighter
TXA-0348,Pencil
TXA-0348,Watercolor Set
TXA-0348,Eraser
TXA-0348,Intermediate Pad
TXA-0348,Notebook
TXA-0349,Protractor
TXA-0349,Colored Pencils
TXA-0349,Ruler
TXA-0349,Sharpener
TXA-0349,Correction Tape
TXA-0350,Folder
TXA-0350,Glue Stick
TXA-0350,Notebook
TXA-0350,Pencil Case
TXA-0350,Sharpener
TXA-0350,Pencil
TXA-0351,Glue Stick
TXA-0351,Sticky Notes
TXA-0351,Colored Pencils
TXA-0351,Highlighter
TXA-0351,Pencil Case
TXA-0352,Eraser
TXA-0352,Colored Pencils
TXA-0352,Compass
TXA-0352,Glue Stick
TXA-0352,Pencil
TXA-0353,Glue Stick
TXA-0353,Pencil
TXA-0354,Index Cards
TXA-0354,Sharpener
TXA-0354,Sticky Notes
TXA-0354,Eraser
TXA-0354,Glue Stick
TXA-0354,Colored Pencils
TXA-0355,Pencil Case
TXA-0355,Sharpener
TXA-0355,Eraser
TXA-0356,Notebook
TXA-0356,Index Cards
TXA-0356,Paper Clips
TXA-0357,Colored Pencils
TXA-0357,Folder
TXA-0358,Ruler
TXA-0358,Colored Pencils
TXA-0358,Scissors
TXA-0358,Eraser
TXA-0358,Pencil
TXA-0358,Intermediate Pad
TXA-0359,Scissors
TXA-0359,Colored Pencils
TXA-0359,Correction Tape
TXA-0359,Highlighter
TXA-0360,Glue Stick
TXA-0360,Pencil
TXA-0360,Ruler
TXA-0360,Highlighter
TXA-0361,Intermediate Pad
TXA-0361,Protractor
TXA-0361,Crayon Set
TXA-0362,Colored Pencils
TXA-0362,Notebook
TXA-0362,Folder
TXA-0363,Paper Clips
TXA-0363,Index Cards
TXA-0363,Eraser
TXA-0363,Pencil
TXA-0363,Colored Pencils
TXA-0363,Notebook
TXA-0364,Sticky Notes
TXA-0364,Intermediate Pad
TXA-0364,Crayon Set
TXA-0364,Eraser
TXA-0364,Ruler
TXA-0365,Sharpener
TXA-0365,Folder
TXA-0366,Crayon Set
TXA-0366,Eraser
TXA-0366,Correction Tape
TXA-0366,Ruler
TXA-0367,Colored Pencils
TXA-0367,Pencil
TXA-0367,Highlighter
TXA-0367,Scissors
TXA-0367,Ruler
TXA-0367,Index Cards
TXA-0368,Eraser
TXA-0368,Ruler
TXA-0368,Pencil Case
TXA-0368,Folder
TXA-0368,Highlighter
TXA-0368,Index Cards
TXA-0369,Pencil Case
TXA-0369,Glue Stick
TXA-0369,Paper Clips
TXA-0370,Highlighter
TXA-0370,Watercolor Set
TXA-0370,Notebook
TXA-0370,Glue Stick
TXA-0370,Index Cards
TXA-0371,Ruler
TXA-0371,Highlighter
TXA-0371,Paper Clips
TXA-0371,Pencil Case
TXA-0372,Eraser
TXA-0372,Crayon Set
TXA-0372,Correction Tape
TXA-0372,Pencil Case
TXA-0372,Intermediate Pad
TXA-0372,Folder
TXA-0373,Paper Clips
TXA-0373,Pencil Case
TXA-0373,Sticky Notes
TXA-0374,Pencil
TXA-0374,Index Cards
TXA-0374,Watercolor Set
TXA-0374,Sharpener
TXA-0374,Pencil Case
TXA-0375,Scissors
TXA-0375,Pencil
TXA-0375,Protractor
TXA-0375,Ruler
TXA-0376,Scissors
TXA-0376,Watercolor Set
TXA-0376,Pencil
TXA-0376,Folder
TXA-0376,Ruler
TXA-0376,Sticky Notes
TXA-0377,Pencil
TXA-0377,Folder
TXA-0377,Ruler
TXA-0377,Eraser
TXA-0378,Index Cards
TXA-0378,Scissors
TXA-0378,Crayon Set
TXA-0378,Pencil
TXA-0379,Sticky Notes
TXA-0379,Folder
TXA-0379,Pencil Case
TXA-0379,Colored Pencils
TXA-0379,Eraser
TXA-0380,Folder
TXA-0380,Paper Clips
TXA-0380,Pencil Case
TXA-0381,Eraser
TXA-0381,Index Cards
TXA-0381,Intermediate Pad
TXA-0381,Sharpener
TXA-0381,Colored Pencils
TXA-0382,Eraser
TXA-0382,Notebook
TXA-0383,Pencil Case
TXA-0383,Eraser
TXA-0383,Notebook
TXA-0384,Colored Pencils
TXA-0384,Paper Clips
TXA-0384,Correction Tape
TXA-0384,Highlighter
TXA-0384,Scissors
TXA-0385,Sharpener
TXA-0385,Eraser
TXA-0385,Compass
TXA-0385,Scissors
TXA-0386,Crayon Set
TXA-0386,Glue Stick
TXA-0386,Sharpener
TXA-0386,Scissors
TXA-0386,Notebook
TXA-0387,Sticky Notes
TXA-0387,Index Cards
TXA-0387,Colored Pencils
TXA-0387,Glue Stick
TXA-0387,Folder
TXA-0387,Crayon Set
TXA-0388,Notebook
TXA-0388,Colored Pencils
TXA-0388,Pencil Case
TXA-0388,Glue Stick
TXA-0388,Pencil
TXA-0388,Highlighter
TXA-0389,Eraser
TXA-0389,Glue Stick
TXA-0389,Pencil
TXA-0389,Correction Tape
TXA-0389,Folder
TXA-0389,Crayon Set
TXA-0390,Folder
TXA-0390,Watercolor Set
TXA-0390,Notebook
TXA-0390,Pencil Case
TXA-0390,Eraser
TXA-0390,Glue Stick
TXA-0391,Pencil Case
TXA-0391,Folder
TXA-0391,Sticky Notes
TXA-0391,Crayon Set
TXA-0391,Notebook
TXA-0391,Correction Tape
TXA-0392,Glue Stick
TXA-0392,Pencil Case
TXA-0392,Sharpener
TXA-0393,Scissors
TXA-0393,Pencil Case
TXA-0394,Protractor
TXA-0394,Notebook
TXA-0395,Notebook
TXA-0395,Index Cards
TXA-0395,Crayon Set
TXA-0395,Protractor
TXA-0396,Sharpener
TXA-0396,Watercolor Set
TXA-0396,Notebook
TXA-0396,Paper Clips
TXA-0396,Ruler
TXA-0397,Colored Pencils
TXA-0397,Highlighter
TXA-0398,Pencil
TXA-0398,Correction Tape
TXA-0398,Eraser
TXA-0398,Protractor
TXA-0398,Folder
TXA-0398,Pencil Case
TXA-0399,Sticky Notes
TXA-0399,Colored Pencils
TXA-0399,Protractor
TXA-0400,Highlighter
TXA-0400,Folder
TXA-0400,Scissors
TXA-0400,Correction Tape
TXA-0400,Eraser
TXA-0401,Pencil
TXA-0401,Eraser
TXA-0401,Watercolor Set
TXA-0401,Index Cards
TXA-0402,Sticky Notes
TXA-0402,Notebook
TXA-0403,Eraser
TXA-0403,Pencil Case
TXA-0404,Pencil Case
TXA-0404,Highlighter
TXA-0404,Crayon Set
TXA-0404,Pencil
TXA-0404,Sticky Notes
TXA-0404,Notebook
TXA-0405,Scissors
TXA-0405,Crayon Set
TXA-0405,Index Cards
TXA-0406,Folder
TXA-0406,Ruler
TXA-0406,Sticky Notes
TXA-0407,Ruler
TXA-0407,Highlighter
TXA-0407,Colored Pencils
TXA-0407,Eraser
TXA-0407,Sharpener
TXA-0407,Pencil Case
TXA-0408,Eraser
TXA-0408,Sharpener
TXA-0408,Pencil Case
TXA-0408,Compass
TXA-0408,Watercolor Set
TXA-0408,Paper Clips
TXA-0409,Scissors
TXA-0409,Pencil Case
TXA-0409,Sharpener
TXA-0409,Colored Pencils
TXA-0409,Notebook
TXA-0410,Ruler
TXA-0410,Notebook
TXA-0410,Pencil
TXA-0410,Folder
TXA-0410,Sticky Notes
TXA-0410,Glue Stick
TXA-0411,Ruler
TXA-0411,Colored Pencils
TXA-0411,Sticky Notes
TXA-0412,Scissors
TXA-0412,Compass
TXA-0413,Scissors
TXA-0413,Sharpener
TXA-0413,Eraser
TXA-0413,Notebook
TXA-0413,Pencil Case
TXA-0413,Highlighter
TXA-0414,Pencil Case
TXA-0414,Crayon Set
TXA-0414,Eraser
TXA-0414,Sharpener
TXA-0415,Glue Stick
TXA-0415,Correction Tape
TXA-0415,Pencil
TXA-0415,Crayon Set
TXA-0415,Colored Pencils
TXA-0415,Folder
TXA-0416,Eraser
TXA-0416,Paper Clips
TXA-0416,Sharpener
TXA-0416,Watercolor Set
TXA-0416,Pencil
TXA-0417,Compass
TXA-0417,Pencil
TXA-0417,Protractor
TXA-0418,Paper Clips
TXA-0418,Highlighter
TXA-0418,Colored Pencils
TXA-0418,Sharpener
TXA-0418,Eraser
TXA-0419,Index Cards
TXA-0419,Sharpener
TXA-0419,Scissors
TXA-0419,Ruler
TXA-0420,Sharpener
TXA-0420,Watercolor Set
TXA-0420,Folder
TXA-0420,Sticky Notes
TXA-0421,Crayon Set
TXA-0421,Ruler
TXA-0421,Pencil
TXA-0421,Notebook
TXA-0421,Pencil Case
TXA-0422,Crayon Set
TXA-0422,Pencil Case
TXA-0422,Glue Stick
TXA-0423,Glue Stick
TXA-0423,Sharpener
TXA-0423,Pencil
TXA-0423,Notebook
TXA-0423,Folder
TXA-0423,Watercolor Set
TXA-0424,Scissors
TXA-0424,Intermediate Pad
TXA-0424,Ruler
TXA-0424,Index Cards
TXA-0424,Folder
TXA-0425,Notebook
TXA-0425,Crayon Set
TXA-0425,Ruler
TXA-0425,Pencil
TXA-0425,Highlighter
TXA-0426,Paper Clips
TXA-0426,Scissors
TXA-0426,Highlighter
TXA-0427,Scissors
TXA-0427,Correction Tape
TXA-0428,Intermediate Pad
TXA-0428,Highlighter
TXA-0429,Notebook
TXA-0429,Correction Tape
TXA-0430,Pencil Case
TXA-0430,Eraser
TXA-0430,Sharpener
TXA-0431,Sharpener
TXA-0431,Highlighter
TXA-0431,Colored Pencils
TXA-0431,Glue Stick
TXA-0431,Notebook
TXA-0432,Pencil Case
TXA-0432,Glue Stick
TXA-0432,Notebook
TXA-0432,Pencil
TXA-0432,Sticky Notes
TXA-0433,Compass
TXA-0433,Pencil Case
TXA-0433,Sticky Notes
TXA-0433,Highlighter
TXA-0433,Index Cards
TXA-0433,Watercolor Set
TXA-0434,Paper Clips
TXA-0434,Folder
TXA-0435,Pencil
TXA-0435,Glue Stick
TXA-0435,Correction Tape
TXA-0436,Index Cards
TXA-0436,Pencil Case
TXA-0436,Compass
TXA-0436,Folder
TXA-0437,Protractor
TXA-0437,Eraser
TXA-0437,Colored Pencils
TXA-0438,Highlighter
TXA-0438,Correction Tape
TXA-0439,Pencil Case
TXA-0439,Notebook
TXA-0440,Folder
TXA-0440,Highlighter
TXA-0440,Crayon Set
TXA-0440,Pencil Case
TXA-0440,Correction Tape
TXA-0440,Glue Stick
TXA-0441,Scissors
TXA-0441,Correction Tape
TXA-0441,Pencil Case
TXA-0441,Glue Stick
TXA-0442,Eraser
TXA-0442,Watercolor Set
TXA-0443,Folder
TXA-0443,Pencil Case
TXA-0443,Pencil
TXA-0443,Intermediate Pad
TXA-0443,Watercolor Set
TXA-0443,Highlighter
TXA-0444,Pencil
TXA-0444,Correction Tape
TXA-0445,Compass
TXA-0445,Glue Stick
TXA-0446,Paper Clips
TXA-0446,Ruler
TXA-0446,Glue Stick
TXA-0446,Scissors
TXA-0446,Correction Tape
TXA-0447,Ruler
TXA-0447,Index Cards
TXA-0447,Pencil
TXA-0447,Protractor
TXA-0447,Crayon Set
TXA-0447,Scissors
TXA-0448,Pencil Case
TXA-0448,Folder
TXA-0448,Correction Tape
TXA-0448,Sharpener
TXA-0449,Intermediate Pad
TXA-0449,Sharpener
TXA-0449,Index Cards
TXA-0449,Pencil Case
TXA-0449,Ruler
TXA-0449,Protractor
TXA-0450,Eraser
TXA-0450,Glue Stick
TXA-0450,Notebook
TXA-0450,Pencil
TXA-0450,Colored Pencils
TXA-0451,Pencil Case
TXA-0451,Highlighter
TXA-0451,Sticky Notes
TXA-0451,Crayon Set
TXA-0451,Pencil
TXA-0452,Sharpener
TXA-0452,Index Cards
TXA-0452,Pencil
TXA-0453,Ruler
TXA-0453,Pencil
TXA-0453,Pencil Case
TXA-0453,Folder
TXA-0453,Scissors
TXA-0454,Pencil
TXA-0454,Pencil Case
TXA-0454,Scissors
TXA-0454,Highlighter
TXA-0455,Notebook
TXA-0455,Pencil Case
TXA-0455,Sharpener
TXA-0455,Pencil
TXA-0455,Crayon Set
TXA-0455,Scissors
TXA-0456,Pencil Case
TXA-0456,Folder
TXA-0456,Sticky Notes
TXA-0456,Crayon Set
TXA-0456,Glue Stick
TXA-0457,Glue Stick
TXA-0457,Pencil
TXA-0457,Notebook
TXA-0458,Eraser
TXA-0458,Ruler
TXA-0458,Pencil
TXA-0459,Notebook
TXA-0459,Sharpener
TXA-0459,Scissors
TXA-0460,Sharpener
TXA-0460,Intermediate Pad
TXA-0461,Glue Stick
TXA-0461,Pencil
TXA-0461,Pencil Case
TXA-0461,Notebook
TXA-0461,Compass
TXA-0462,Correction Tape
TXA-0462,Sharpener
TXA-0462,Sticky Notes
TXA-0462,Notebook
TXA-0463,Sticky Notes
TXA-0463,Correction Tape
TXA-0463,Compass
TXA-0463,Pencil
TXA-0463,Sharpener
TXA-0464,Folder
TXA-0464,Pencil
TXA-0464,Notebook
TXA-0465,Ruler
TXA-0465,Colored Pencils
TXA-0465,Folder
TXA-0465,Glue Stick
TXA-0466,Ruler
TXA-0466,Eraser
TXA-0466,Sticky Notes
TXA-0467,Pencil
TXA-0467,Glue Stick
TXA-0467,Highlighter
TXA-0467,Scissors
TXA-0468,Pencil Case
TXA-0468,Crayon Set
TXA-0468,Intermediate Pad
TXA-0468,Ruler
TXA-0468,Sticky Notes
TXA-0468,Correction Tape
TXA-0469,Sticky Notes
TXA-0469,Crayon Set
TXA-0470,Highlighter
TXA-0470,Pencil
TXA-0470,Sharpener
TXA-0470,Ruler
TXA-0470,Eraser
TXA-0471,Index Cards
TXA-0471,Pencil Case
TXA-0471,Protractor
TXA-0471,Folder
TXA-0471,Notebook
TXA-0472,Paper Clips
TXA-0472,Correction Tape
TXA-0472,Sharpener
TXA-0472,Pencil Case
TXA-0472,Compass
TXA-0472,Colored Pencils
TXA-0473,Glue Stick
TXA-0473,Paper Clips
TXA-0473,Pencil
TXA-0473,Ruler
TXA-0473,Colored Pencils
TXA-0473,Eraser
TXA-0474,Pencil Case
TXA-0474,Protractor
TXA-0474,Colored Pencils
TXA-0474,Notebook
TXA-0474,Index Cards
TXA-0474,Intermediate Pad
TXA-0475,Pencil
TXA-0475,Pencil Case
TXA-0475,Sharpener
TXA-0475,Sticky Notes
TXA-0475,Highlighter
TXA-0476,Eraser
TXA-0476,Notebook
TXA-0476,Scissors
TXA-0476,Crayon Set
TXA-0476,Colored Pencils
TXA-0476,Pencil
TXA-0477,Folder
TXA-0477,Ruler
TXA-0478,Pencil
TXA-0478,Intermediate Pad
TXA-0479,Sharpener
TXA-0479,Ruler
TXA-0479,Sticky Notes
TXA-0480,Folder
TXA-0480,Notebook
TXA-0480,Sharpener
TXA-0480,Crayon Set
TXA-0480,Eraser
TXA-0480,Ruler
TXA-0481,Pencil Case
TXA-0481,Notebook
TXA-0482,Highlighter
TXA-0482,Pencil
TXA-0483,Folder
TXA-0483,Glue Stick
TXA-0483,Ruler
TXA-0484,Intermediate Pad
TXA-0484,Eraser
TXA-0484,Notebook
TXA-0484,Pencil
TXA-0484,Colored Pencils
TXA-0485,Sharpener
TXA-0485,Crayon Set
TXA-0485,Watercolor Set
TXA-0485,Notebook
TXA-0485,Folder
TXA-0486,Colored Pencils
TXA-0486,Eraser
TXA-0487,Glue Stick
TXA-0487,Sticky Notes
TXA-0488,Pencil
TXA-0488,Sharpener
TXA-0488,Scissors
TXA-0488,Ruler
TXA-0488,Watercolor Set
TXA-0488,Highlighter
TXA-0489,Glue Stick
TXA-0489,Highlighter
TXA-0489,Folder
TXA-0489,Ruler
TXA-0490,Glue Stick
TXA-0490,Sticky Notes
TXA-0490,Colored Pencils
TXA-0490,Eraser
TXA-0490,Scissors
TXA-0491,Highlighter
TXA-0491,Ruler
TXA-0492,Ruler
TXA-0492,Pencil
TXA-0492,Crayon Set
TXA-0493,Sharpener
TXA-0493,Glue Stick
TXA-0493,Highlighter
TXA-0493,Notebook
TXA-0493,Folder
TXA-0493,Scissors
TXA-0494,Scissors
TXA-0494,Notebook
TXA-0494,Pencil
TXA-0495,Correction Tape
TXA-0495,Glue Stick
TXA-0495,Sticky Notes
TXA-0495,Intermediate Pad
TXA-0496,Pencil
TXA-0496,Sticky Notes
TXA-0496,Compass
TXA-0496,Folder
TXA-0496,Scissors
TXA-0497,Notebook
TXA-0497,Correction Tape
TXA-0497,Folder
TXA-0497,Pencil Case
TXA-0497,Pencil
TXA-0498,Ruler
TXA-0498,Eraser
TXA-0498,Glue Stick
TXA-0499,Index Cards
TXA-0499,Scissors
TXA-0499,Crayon Set
TXA-0500,Scissors
TXA-0500,Pencil
TXA-0500,Pencil Case
TXA-0500,Sticky Notes
TXA-0500,Correction Tape
TXA-0501,Scissors
TXA-0501,Crayon Set
TXA-0501,Index Cards
TXA-0501,Sharpener
TXA-0502,Protractor
TXA-0502,Pencil
TXA-0502,Sticky Notes
TXA-0503,Ruler
TXA-0503,Protractor
TXA-0503,Folder
TXA-0504,Correction Tape
TXA-0504,Pencil Case
TXA-0504,Sticky Notes
TXA-0504,Eraser
TXA-0505,Eraser
TXA-0505,Crayon Set
TXA-0505,Colored Pencils
TXA-0506,Highlighter
TXA-0506,Pencil
TXA-0506,Eraser
TXA-0506,Ruler
TXA-0506,Sharpener
TXA-0506,Pencil Case
TXA-0507,Scissors
TXA-0507,Glue Stick
TXA-0507,Pencil
TXA-0507,Protractor
TXA-0508,Ruler
TXA-0508,Eraser
TXA-0508,Correction Tape
TXA-0508,Protractor
TXA-0509,Pencil
TXA-0509,Index Cards
TXA-0510,Paper Clips
TXA-0510,Protractor
TXA-0510,Sticky Notes
TXA-0510,Pencil
TXA-0510,Correction Tape
TXA-0511,Pencil
TXA-0511,Sharpener
TXA-0511,Ruler
TXA-0512,Folder
TXA-0512,Glue Stick
TXA-0512,Eraser
TXA-0512,Notebook
TXA-0512,Scissors
TXA-0513,Notebook
TXA-0513,Crayon Set
TXA-0514,Notebook
TXA-0514,Scissors
TXA-0514,Highlighter
TXA-0514,Watercolor Set
TXA-0515,Crayon Set
TXA-0515,Notebook
TXA-0516,Correction Tape
TXA-0516,Crayon Set
TXA-0516,Sharpener
TXA-0516,Compass
TXA-0517,Folder
TXA-0517,Ruler
TXA-0517,Eraser
TXA-0518,Glue Stick
TXA-0518,Scissors
TXA-0518,Notebook
TXA-0518,Ruler
TXA-0518,Crayon Set
TXA-0518,Pencil Case
TXA-0519,Highlighter
TXA-0519,Correction Tape
TXA-0520,Pencil
TXA-0520,Correction Tape
TXA-0521,Notebook
TXA-0521,Protractor
TXA-0521,Sharpener
TXA-0521,Compass
TXA-0521,Correction Tape
TXA-0522,Pencil
TXA-0522,Paper Clips
TXA-0522,Ruler
TXA-0522,Colored Pencils
TXA-0523,Pencil Case
TXA-0523,Colored Pencils
TXA-0523,Highlighter
TXA-0523,Pencil
TXA-0524,Colored Pencils
TXA-0524,Crayon Set
TXA-0524,Sharpener
TXA-0524,Pencil Case
TXA-0525,Pencil Case
TXA-0525,Scissors
TXA-0526,Glue Stick
TXA-0526,Folder
TXA-0526,Notebook
TXA-0527,Colored Pencils
TXA-0527,Sticky Notes
TXA-0528,Colored Pencils
TXA-0528,Notebook
TXA-0528,Eraser
TXA-0528,Pencil Case
TXA-0528,Correction Tape
TXA-0529,Ruler
TXA-0529,Watercolor Set
TXA-0530,Sharpener
TXA-0530,Sticky Notes
TXA-0530,Correction Tape
TXA-0531,Pencil Case
TXA-0531,Glue Stick
TXA-0531,Highlighter
TXA-0532,Notebook
TXA-0532,Crayon Set
TXA-0532,Highlighter
TXA-0533,Paper Clips
TXA-0533,Glue Stick
TXA-0533,Notebook
TXA-0534,Pencil Case
TXA-0534,Pencil
TXA-0534,Index Cards
TXA-0535,Crayon Set
TXA-0535,Ruler
TXA-0535,Notebook
TXA-0535,Sticky Notes
TXA-0535,Eraser
TXA-0535,Highlighter
TXA-0536,Scissors
TXA-0536,Glue Stick
TXA-0536,Highlighter
TXA-0537,Correction Tape
TXA-0537,Highlighter
TXA-0538,Eraser
TXA-0538,Highlighter
TXA-0538,Pencil
TXA-0538,Folder
TXA-0539,Index Cards
TXA-0539,Crayon Set
TXA-0540,Folder
TXA-0540,Pencil
TXA-0540,Glue Stick
TXA-0541,Pencil Case
TXA-0541,Watercolor Set
TXA-0541,Pencil
TXA-0541,Folder
TXA-0541,Notebook
TXA-0541,Glue Stick
TXA-0542,Notebook
TXA-0542,Glue Stick
TXA-0542,Pencil
TXA-0542,Scissors
TXA-0542,Protractor
TXA-0542,Pencil Case
TXA-0543,Pencil Case
TXA-0543,Ruler
TXA-0543,Pencil
TXA-0543,Eraser
TXA-0543,Correction Tape
TXA-0543,Highlighter
TXA-0544,Crayon Set
TXA-0544,Notebook
TXA-0544,Sharpener
TXA-0544,Highlighter
TXA-0544,Scissors
TXA-0544,Pencil
TXA-0545,Ruler
TXA-0545,Scissors
TXA-0546,Compass
TXA-0546,Pencil
TXA-0546,Sharpener
TXA-0547,Highlighter
TXA-0547,Correction Tape
TXA-0547,Glue Stick
TXA-0547,Pencil Case
TXA-0547,Crayon Set
TXA-0547,Colored Pencils
TXA-0548,Pencil Case
TXA-0548,Pencil
TXA-0548,Scissors
TXA-0549,Glue Stick
TXA-0549,Pencil Case
TXA-0549,Colored Pencils
TXA-0549,Highlighter
TXA-0549,Eraser
TXA-0550,Colored Pencils
TXA-0550,Highlighter
TXA-0551,Folder
TXA-0551,Ruler
TXA-0551,Glue Stick
TXA-0552,Pencil
TXA-0552,Eraser
TXA-0552,Sticky Notes
TXA-0552,Sharpener
TXA-0553,Index Cards
TXA-0553,Pencil Case
TXA-0554,Ruler
TXA-0554,Pencil Case
TXA-0554,Crayon Set
TXA-0554,Highlighter
TXA-0554,Pencil
TXA-0555,Folder
TXA-0555,Pencil Case
TXA-0555,Correction Tape
TXA-0555,Eraser
TXA-0555,Ruler
TXA-0556,Watercolor Set
TXA-0556,Highlighter
TXA-0557,Eraser
TXA-0557,Scissors
TXA-0558,Correction Tape
TXA-0558,Pencil Case
TXA-0559,Folder
TXA-0559,Sharpener
TXA-0560,Pencil
TXA-0560,Compass
TXA-0560,Pencil Case
TXA-0561,Eraser
TXA-0561,Ruler
TXA-0561,Paper Clips
TXA-0561,Notebook
TXA-0561,Correction Tape
TXA-0562,Sharpener
TXA-0562,Scissors
TXA-0562,Watercolor Set
TXA-0562,Pencil
TXA-0562,Sticky Notes
TXA-0562,Protractor
TXA-0563,Pencil Case
TXA-0563,Folder
TXA-0563,Sharpener
TXA-0563,Correction Tape
TXA-0563,Notebook
TXA-0564,Notebook
TXA-0564,Sharpener
TXA-0564,Eraser
TXA-0564,Sticky Notes
TXA-0564,Crayon Set
TXA-0564,Pencil
TXA-0565,Glue Stick
TXA-0565,Notebook
TXA-0565,Index Cards
TXA-0565,Pencil
TXA-0566,Crayon Set
TXA-0566,Eraser
TXA-0566,Pencil Case
TXA-0566,Folder
TXA-0566,Sharpener
TXA-0566,Notebook
TXA-0567,Intermediate Pad
TXA-0567,Pencil Case
TXA-0568,Correction Tape
TXA-0568,Colored Pencils
TXA-0568,Pencil Case
TXA-0568,Scissors
TXA-0568,Ruler
TXA-0569,Compass
TXA-0569,Intermediate Pad
TXA-0569,Pencil
TXA-0569,Ruler
TXA-0569,Pencil Case
TXA-0570,Watercolor Set
TXA-0570,Folder
TXA-0570,Colored Pencils
TXA-0571,Notebook
TXA-0571,Crayon Set
TXA-0571,Glue Stick
TXA-0571,Folder
TXA-0572,Pencil Case
TXA-0572,Glue Stick
TXA-0572,Notebook
TXA-0572,Compass
TXA-0572,Ruler
TXA-0573,Correction Tape
TXA-0573,Paper Clips
TXA-0573,Sharpener
TXA-0573,Index Cards
TXA-0574,Ruler
TXA-0574,Eraser
TXA-0574,Pencil Case
TXA-0574,Notebook
TXA-0575,Pencil
TXA-0575,Pencil Case
TXA-0575,Scissors
TXA-0575,Notebook
TXA-0575,Ruler
TXA-0575,Glue Stick
TXA-0576,Notebook
TXA-0576,Folder
TXA-0576,Correction Tape
TXA-0577,Pencil
TXA-0577,Colored Pencils
TXA-0578,Pencil Case
TXA-0578,Correction Tape
TXA-0578,Sharpener
TXA-0578,Pencil
TXA-0578,Notebook
TXA-0578,Scissors
TXA-0579,Pencil Case
TXA-0579,Sharpener
TXA-0579,Correction Tape
TXA-0579,Eraser
TXA-0579,Compass
TXA-0579,Sticky Notes
TXA-0580,Crayon Set
TXA-0580,Eraser
TXA-0580,Folder
TXA-0580,Sticky Notes
TXA-0580,Pencil
TXA-0580,Pencil Case
TXA-0581,Pencil
TXA-0581,Sticky Notes
TXA-0581,Notebook
TXA-0582,Glue Stick
TXA-0582,Eraser
TXA-0583,Pencil Case
TXA-0583,Pencil
TXA-0584,Sticky Notes
TXA-0584,Pencil Case
TXA-0584,Correction Tape
TXA-0584,Crayon Set
TXA-0584,Eraser
TXA-0585,Pencil Case
TXA-0585,Paper Clips
TXA-0585,Folder
TXA-0585,Crayon Set
TXA-0585,Scissors
TXA-0586,Colored Pencils
TXA-0586,Pencil
TXA-0586,Ruler
TXA-0586,Eraser
TXA-0586,Notebook
TXA-0587,Pencil Case
TXA-0587,Highlighter
TXA-0587,Ruler
TXA-0588,Folder
TXA-0588,Watercolor Set
TXA-0588,Notebook
TXA-0588,Pencil Case
TXA-0589,Pencil
TXA-0589,Ruler
TXA-0589,Watercolor Set
TXA-0589,Glue Stick
TXA-0589,Colored Pencils
TXA-0590,Index Cards
TXA-0590,Protractor
TXA-0590,Crayon Set
TXA-0590,Ruler
TXA-0590,Scissors
TXA-0590,Notebook
TXA-0591,Folder
TXA-0591,Sharpener
TXA-0591,Pencil
TXA-0591,Notebook
TXA-0591,Eraser
TXA-0591,Paper Clips
TXA-0592,Pencil Case
TXA-0592,Protractor
TXA-0592,Scissors
TXA-0592,Index Cards
TXA-0593,Compass
TXA-0593,Pencil Case
TXA-0593,Highlighter
TXA-0594,Scissors
TXA-0594,Index Cards
TXA-0594,Colored Pencils
TXA-0594,Crayon Set
TXA-0595,Glue Stick
TXA-0595,Protractor
TXA-0595,Sharpener
TXA-0596,Pencil
TXA-0596,Highlighter
TXA-0596,Sticky Notes
TXA-0597,Paper Clips
TXA-0597,Pencil Case
TXA-0597,Colored Pencils
TXA-0597,Intermediate Pad
TXA-0598,Pencil
TXA-0598,Intermediate Pad
TXA-0598,Sticky Notes
TXA-0598,Index Cards
TXA-0598,Compass
TXA-0598,Scissors
TXA-0599,Folder
TXA-0599,Pencil Case
TXA-0599,Ruler
TXA-0600,Pencil Case
TXA-0600,Scissors
TXA-0600,Sharpener
TXA-0601,Eraser
TXA-0601,Pencil
TXA-0601,Crayon Set
TXA-0601,Paper Clips
TXA-0601,Correction Tape
TXA-0601,Notebook
TXA-0602,Pencil
TXA-0602,Crayon Set
TXA-0603,Index Cards
TXA-0603,Correction Tape
TXA-0603,Sticky Notes
TXA-0604,Sharpener
TXA-0604,Intermediate Pad
TXA-0605,Glue Stick
TXA-0605,Ruler
TXA-0605,Sharpener
TXA-0605,Protractor
TXA-0605,Crayon Set
TXA-0606,Index Cards
TXA-0606,Compass
TXA-0606,Glue Stick
TXA-0606,Pencil
TXA-0606,Intermediate Pad
TXA-0607,Index Cards
TXA-0607,Eraser
TXA-0607,Glue Stick
TXA-0607,Pencil
TXA-0607,Notebook
TXA-0607,Crayon Set
TXA-0608,Pencil
TXA-0608,Pencil Case
TXA-0608,Crayon Set
TXA-0609,Sharpener
TXA-0609,Protractor
TXA-0609,Intermediate Pad
TXA-0609,Pencil Case
TXA-0609,Highlighter
TXA-0609,Watercolor Set
TXA-0610,Eraser
TXA-0610,Glue Stick
TXA-0610,Intermediate Pad
TXA-0610,Pencil
TXA-0610,Index Cards
TXA-0610,Sharpener
TXA-0611,Pencil
TXA-0611,Watercolor Set
TXA-0611,Pencil Case
TXA-0611,Crayon Set
TXA-0612,Notebook
TXA-0612,Eraser
TXA-0612,Ruler
TXA-0612,Pencil Case
TXA-0613,Index Cards
TXA-0613,Colored Pencils
TXA-0613,Pencil Case
TXA-0613,Notebook
TXA-0614,Compass
TXA-0614,Correction Tape
TXA-0614,Notebook
TXA-0614,Ruler
TXA-0614,Glue Stick
TXA-0615,Sticky Notes
TXA-0615,Crayon Set
TXA-0616,Highlighter
TXA-0616,Colored Pencils
TXA-0616,Pencil
TXA-0616,Pencil Case
TXA-0616,Watercolor Set
TXA-0616,Sharpener
TXA-0617,Eraser
TXA-0617,Pencil Case
TXA-0617,Notebook
TXA-0617,Paper Clips
TXA-0618,Crayon Set
TXA-0618,Scissors
TXA-0618,Watercolor Set
TXA-0619,Sharpener
TXA-0619,Protractor
TXA-0620,Colored Pencils
TXA-0620,Notebook
TXA-0620,Highlighter
TXA-0620,Glue Stick
TXA-0620,Ruler
TXA-0621,Pencil
TXA-0621,Ruler
TXA-0622,Notebook
TXA-0622,Glue Stick
TXA-0622,Paper Clips
TXA-0623,Eraser
TXA-0623,Sharpener
TXA-0623,Ruler
TXA-0623,Pencil Case
TXA-0623,Colored Pencils
TXA-0623,Watercolor Set
TXA-0624,Pencil Case
TXA-0624,Pencil
TXA-0624,Eraser
TXA-0625,Folder
TXA-0625,Pencil Case
TXA-0625,Ruler
TXA-0625,Colored Pencils
TXA-0625,Protractor
TXA-0625,Scissors
TXA-0626,Ruler
TXA-0626,Notebook
TXA-0627,Watercolor Set
TXA-0627,Eraser
TXA-0627,Highlighter
TXA-0627,Notebook
TXA-0627,Sharpener
TXA-0628,Sharpener
TXA-0628,Folder
TXA-0628,Eraser
TXA-0628,Scissors
TXA-0628,Pencil
TXA-0629,Scissors
TXA-0629,Pencil
TXA-0629,Crayon Set
TXA-0629,Pencil Case
TXA-0630,Sticky Notes
TXA-0630,Notebook
TXA-0630,Crayon Set
TXA-0630,Eraser
TXA-0631,Sticky Notes
TXA-0631,Index Cards
TXA-0632,Compass
TXA-0632,Highlighter
TXA-0632,Paper Clips
TXA-0632,Folder
TXA-0632,Eraser
TXA-0633,Pencil Case
TXA-0633,Watercolor Set
TXA-0633,Colored Pencils
TXA-0633,Folder
TXA-0634,Index Cards
TXA-0634,Highlighter
TXA-0634,Scissors
TXA-0634,Pencil
TXA-0634,Sticky Notes
TXA-0634,Eraser
TXA-0635,Compass
TXA-0635,Index Cards
TXA-0635,Pencil
TXA-0636,Pencil Case
TXA-0636,Colored Pencils
TXA-0636,Ruler
TXA-0636,Correction Tape
TXA-0636,Eraser
TXA-0637,Eraser
TXA-0637,Paper Clips
TXA-0637,Watercolor Set
TXA-0637,Pencil Case
TXA-0637,Folder
TXA-0637,Notebook
TXA-0638,Correction Tape
TXA-0638,Folder
TXA-0638,Paper Clips
TXA-0638,Pencil Case
TXA-0639,Glue Stick
TXA-0639,Index Cards
TXA-0639,Pencil
TXA-0639,Eraser
TXA-0639,Highlighter
TXA-0639,Colored Pencils
TXA-0640,Paper Clips
TXA-0640,Scissors
TXA-0641,Index Cards
TXA-0641,Correction Tape
TXA-0642,Correction Tape
TXA-0642,Eraser
TXA-0642,Highlighter
TXA-0642,Scissors
TXA-0643,Pencil Case
TXA-0643,Sharpener
TXA-0643,Eraser
TXA-0643,Colored Pencils
TXA-0643,Index Cards
TXA-0644,Sharpener
TXA-0644,Correction Tape
TXA-0645,Pencil Case
TXA-0645,Scissors
TXA-0645,Ruler
TXA-0646,Pencil Case
TXA-0646,Sticky Notes
TXA-0646,Sharpener
TXA-0646,Ruler
TXA-0647,Correction Tape
TXA-0647,Highlighter
TXA-0647,Compass
TXA-0647,Eraser
TXA-0647,Ruler
TXA-0648,Index Cards
TXA-0648,Ruler
TXA-0648,Colored Pencils
TXA-0648,Glue Stick
TXA-0648,Pencil Case
TXA-0649,Eraser
TXA-0649,Sticky Notes
TXA-0649,Crayon Set
TXA-0649,Colored Pencils
TXA-0649,Watercolor Set
TXA-0650,Folder
TXA-0650,Pencil
TXA-0651,Colored Pencils
TXA-0651,Sharpener
TXA-0651,Sticky Notes
TXA-0651,Folder
TXA-0652,Pencil Case
TXA-0652,Ruler
TXA-0652,Correction Tape
TXA-0652,Sticky Notes
TXA-0652,Sharpener
TXA-0652,Scissors
TXA-0653,Colored Pencils
TXA-0653,Eraser
TXA-0653,Correction Tape
TXA-0653,Folder
TXA-0654,Highlighter
TXA-0654,Eraser
TXA-0655,Glue Stick
TXA-0655,Pencil
TXA-0655,Watercolor Set
TXA-0655,Highlighter
TXA-0655,Sharpener
TXA-0656,Sticky Notes
TXA-0656,Eraser
TXA-0656,Correction Tape
TXA-0657,Ruler
TXA-0657,Notebook
TXA-0658,Correction Tape
TXA-0658,Crayon Set
TXA-0658,Eraser
TXA-0659,Highlighter
TXA-0659,Colored Pencils
TXA-0659,Eraser
TXA-0660,Folder
TXA-0660,Correction Tape
TXA-0660,Compass
TXA-0660,Highlighter
TXA-0660,Sharpener
TXA-0661,Highlighter
TXA-0661,Scissors
TXA-0661,Pencil Case
TXA-0662,Glue Stick
TXA-0662,Intermediate Pad
TXA-0662,Colored Pencils
TXA-0662,Highlighter
TXA-0663,Notebook
TXA-0663,Sharpener
TXA-0663,Ruler
TXA-0663,Eraser
TXA-0664,Ruler
TXA-0664,Scissors
TXA-0664,Highlighter
TXA-0664,Glue Stick
TXA-0664,Pencil Case
TXA-0665,Scissors
TXA-0665,Glue Stick
TXA-0665,Eraser
TXA-0665,Crayon Set
TXA-0666,Pencil Case
TXA-0666,Protractor
TXA-0666,Highlighter
TXA-0666,Correction Tape
TXA-0666,Ruler
TXA-0667,Pencil
TXA-0667,Scissors
TXA-0667,Ruler
TXA-0667,Pencil Case
TXA-0668,Notebook
TXA-0668,Ruler
TXA-0668,Pencil
TXA-0668,Pencil Case
TXA-0668,Highlighter
TXA-0668,Folder
TXA-0669,Notebook
TXA-0669,Crayon Set
TXA-0669,Glue Stick
TXA-0669,Protractor
TXA-0669,Sticky Notes
TXA-0670,Colored Pencils
TXA-0670,Eraser
TXA-0670,Scissors
TXA-0670,Sticky Notes
TXA-0671,Folder
TXA-0671,Correction Tape
TXA-0671,Sticky Notes
TXA-0671,Watercolor Set
TXA-0672,Ruler
TXA-0672,Folder
TXA-0672,Index Cards
TXA-0673,Crayon Set
TXA-0673,Pencil
TXA-0673,Colored Pencils
TXA-0673,Sharpener
TXA-0673,Pencil Case
TXA-0673,Folder
TXA-0674,Notebook
TXA-0674,Watercolor Set
TXA-0674,Ruler
TXA-0674,Highlighter
TXA-0675,Correction Tape
TXA-0675,Notebook
TXA-0675,Sticky Notes
TXA-0675,Scissors
TXA-0675,Intermediate Pad
TXA-0676,Folder
TXA-0676,Pencil
TXA-0677,Correction Tape
TXA-0677,Sharpener
TXA-0678,Notebook
TXA-0678,Correction Tape
TXA-0678,Pencil
TXA-0678,Protractor
TXA-0679,Notebook
TXA-0679,Glue Stick
TXA-0679,Paper Clips
TXA-0679,Sharpener
TXA-0680,Correction Tape
TXA-0680,Pencil
TXA-0680,Pencil Case
TXA-0680,Notebook
TXA-0681,Ruler
TXA-0681,Pencil Case
TXA-0681,Scissors
TXA-0682,Crayon Set
TXA-0682,Pencil
TXA-0682,Index Cards
TXA-0683,Index Cards
TXA-0683,Crayon Set
TXA-0683,Pencil
TXA-0683,Notebook
TXA-0683,Folder
TXA-0684,Compass
TXA-0684,Sharpener
TXA-0684,Pencil Case
TXA-0684,Eraser
TXA-0684,Folder
TXA-0685,Watercolor Set
TXA-0685,Crayon Set
TXA-0686,Pencil
TXA-0686,Colored Pencils
TXA-0686,Highlighter
TXA-0686,Ruler
TXA-0686,Index Cards
TXA-0686,Notebook
TXA-0687,Pencil
TXA-0687,Scissors
TXA-0687,Sharpener
TXA-0688,Sticky Notes
TXA-0688,Ruler
TXA-0689,Notebook
TXA-0689,Scissors
TXA-0689,Glue Stick
TXA-0689,Sharpener
TXA-0690,Sharpener
TXA-0690,Watercolor Set
TXA-0690,Ruler
TXA-0691,Pencil
TXA-0691,Paper Clips
TXA-0691,Sticky Notes
TXA-0692,Eraser
TXA-0692,Crayon Set
TXA-0693,Eraser
TXA-0693,Pencil Case
TXA-0693,Glue Stick
TXA-0694,Sharpener
TXA-0694,Highlighter
TXA-0695,Sharpener
TXA-0695,Highlighter
TXA-0696,Highlighter
TXA-0696,Scissors
TXA-0696,Pencil Case
TXA-0696,Pencil
TXA-0696,Correction Tape
TXA-0696,Eraser
TXA-0697,Notebook
TXA-0697,Sharpener
TXA-0698,Eraser
TXA-0698,Colored Pencils
TXA-0698,Pencil
TXA-0698,Crayon Set
TXA-0698,Pencil Case
TXA-0698,Scissors
TXA-0699,Highlighter
TXA-0699,Eraser
TXA-0700,Colored Pencils
TXA-0700,Notebook
TXA-0700,Watercolor Set
TXA-0700,Folder
TXA-0700,Glue Stick
TXA-0700,Eraser
TXA-0701,Folder
TXA-0701,Highlighter
TXA-0702,Sticky Notes
TXA-0702,Compass
TXA-0702,Ruler
TXA-0702,Notebook
TXA-0703,Pencil Case
TXA-0703,Scissors
TXA-0703,Ruler
TXA-0704,Ruler
TXA-0704,Pencil Case
TXA-0704,Colored Pencils
TXA-0704,Paper Clips
TXA-0704,Correction Tape
TXA-0705,Pencil
TXA-0705,Pencil Case
TXA-0705,Glue Stick
TXA-0705,Index Cards
TXA-0705,Eraser
TXA-0706,Highlighter
TXA-0706,Notebook
TXA-0706,Protractor
TXA-0706,Eraser
TXA-0707,Pencil
TXA-0707,Eraser
TXA-0708,Correction Tape
TXA-0708,Sharpener
TXA-0709,Notebook
TXA-0709,Pencil
TXA-0709,Correction Tape
TXA-0709,Watercolor Set
TXA-0710,Correction Tape
TXA-0710,Highlighter
TXA-0711,Ruler
TXA-0711,Watercolor Set
TXA-0711,Intermediate Pad
TXA-0712,Correction Tape
TXA-0712,Pencil Case
TXA-0712,Index Cards
TXA-0712,Eraser
TXA-0713,Notebook
TXA-0713,Folder
TXA-0713,Correction Tape
TXA-0713,Colored Pencils
TXA-0713,Sharpener
TXA-0714,Highlighter
TXA-0714,Sticky Notes
TXA-0714,Pencil
TXA-0714,Colored Pencils
TXA-0714,Pencil Case
TXA-0715,Pencil
TXA-0715,Paper Clips
TXA-0715,Folder
TXA-0716,Highlighter
TXA-0716,Pencil
TXA-0716,Notebook
TXA-0716,Sharpener
TXA-0716,Pencil Case
TXA-0716,Sticky Notes
TXA-0717,Folder
TXA-0717,Notebook
TXA-0717,Watercolor Set
TXA-0718,Pencil Case
TXA-0718,Ruler
TXA-0718,Notebook
TXA-0718,Index Cards
TXA-0718,Crayon Set
TXA-0719,Colored Pencils
TXA-0719,Eraser
TXA-0719,Compass
TXA-0719,Correction Tape
TXA-0719,Folder
TXA-0719,Highlighter
TXA-0720,Pencil Case
TXA-0720,Colored Pencils
TXA-0720,Ruler
TXA-0720,Notebook
TXA-0720,Index Cards
TXA-0720,Folder
TXA-0721,Watercolor Set
TXA-0721,Glue Stick
TXA-0721,Pencil Case
TXA-0721,Intermediate Pad
TXA-0721,Folder
TXA-0721,Notebook
TXA-0722,Correction Tape
TXA-0722,Pencil Case
TXA-0722,Folder
TXA-0722,Ruler
TXA-0722,Compass
TXA-0723,Folder
TXA-0723,Glue Stick
TXA-0724,Notebook
TXA-0724,Eraser
TXA-0724,Scissors
TXA-0724,Sticky Notes
TXA-0724,Folder
TXA-0725,Notebook
TXA-0725,Pencil
TXA-0725,Glue Stick
TXA-0725,Crayon Set
TXA-0725,Pencil Case
TXA-0726,Pencil Case
TXA-0726,Glue Stick
TXA-0726,Correction Tape
TXA-0726,Index Cards
TXA-0726,Compass
TXA-0727,Watercolor Set
TXA-0727,Scissors
TXA-0727,Highlighter
TXA-0727,Sharpener
TXA-0728,Sharpener
TXA-0728,Pencil Case
TXA-0728,Ruler
TXA-0728,Glue Stick
TXA-0729,Crayon Set
TXA-0729,Glue Stick
TXA-0729,Colored Pencils
TXA-0729,Ruler
TXA-0729,Notebook
TXA-0729,Pencil Case
TXA-0730,Pencil Case
TXA-0730,Notebook
TXA-0730,Colored Pencils
TXA-0731,Scissors
TXA-0731,Sharpener
TXA-0731,Pencil Case
TXA-0731,Paper Clips
TXA-0732,Pencil
TXA-0732,Crayon Set
TXA-0732,Colored Pencils
TXA-0732,Pencil Case
TXA-0732,Highlighter
TXA-0733,Pencil
TXA-0733,Correction Tape
TXA-0733,Ruler
TXA-0734,Colored Pencils
TXA-0734,Pencil
TXA-0734,Notebook
TXA-0735,Pencil
TXA-0735,Watercolor Set
TXA-0735,Folder
TXA-0735,Highlighter
TXA-0735,Scissors
TXA-0735,Compass
TXA-0736,Scissors
TXA-0736,Pencil Case
TXA-0737,Sticky Notes
TXA-0737,Notebook
TXA-0737,Scissors
TXA-0737,Paper Clips
TXA-0737,Pencil
TXA-0738,Pencil
TXA-0738,Sticky Notes
TXA-0738,Pencil Case
TXA-0738,Colored Pencils
TXA-0738,Highlighter
TXA-0738,Notebook
TXA-0739,Notebook
TXA-0739,Highlighter
TXA-0739,Crayon Set
TXA-0739,Eraser
TXA-0739,Sharpener
TXA-0740,Compass
TXA-0740,Notebook
TXA-0740,Pencil
TXA-0740,Folder
TXA-0741,Ruler
TXA-0741,Colored Pencils
TXA-0741,Correction Tape
TXA-0741,Highlighter
TXA-0741,Intermediate Pad
TXA-0741,Scissors
TXA-0742,Eraser
TXA-0742,Crayon Set
TXA-0742,Colored Pencils
TXA-0743,Protractor
TXA-0743,Highlighter
TXA-0743,Intermediate Pad
TXA-0744,Scissors
TXA-0744,Highlighter
TXA-0744,Crayon Set
TXA-0744,Index Cards
TXA-0744,Notebook
TXA-0744,Folder
TXA-0745,Highlighter
TXA-0745,Watercolor Set
TXA-0745,Folder
TXA-0745,Correction Tape
TXA-0745,Sharpener
TXA-0746,Folder
TXA-0746,Pencil Case
TXA-0747,Pencil Case
TXA-0747,Pencil
TXA-0747,Notebook
TXA-0748,Protractor
TXA-0748,Highlighter
TXA-0748,Pencil
TXA-0749,Colored Pencils
TXA-0749,Ruler
TXA-0750,Pencil Case
TXA-0750,Sticky Notes
TXA-0750,Pencil
TXA-0750,Watercolor Set
TXA-0750,Crayon Set
TXA-0750,Correction Tape
TXA-0751,Sharpener
TXA-0751,Scissors
TXA-0751,Sticky Notes
TXA-0751,Colored Pencils
TXA-0751,Highlighter
TXA-0751,Pencil Case
TXA-0752,Sharpener
TXA-0752,Intermediate Pad
TXA-0752,Compass
TXA-0752,Ruler
TXA-0752,Glue Stick
TXA-0753,Crayon Set
TXA-0753,Eraser
TXA-0754,Sticky Notes
TXA-0754,Paper Clips
TXA-0754,Highlighter
TXA-0754,Scissors
TXA-0754,Crayon Set
TXA-0755,Crayon Set
TXA-0755,Pencil
TXA-0755,Colored Pencils
TXA-0755,Eraser
TXA-0755,Folder
TXA-0755,Protractor
TXA-0756,Pencil
TXA-0756,Eraser
TXA-0757,Pencil
TXA-0757,Pencil Case
TXA-0757,Notebook
TXA-0757,Sharpener
TXA-0757,Ruler
TXA-0757,Watercolor Set
TXA-0758,Ruler
TXA-0758,Crayon Set
TXA-0759,Pencil Case
TXA-0759,Paper Clips
TXA-0759,Glue Stick
TXA-0760,Correction Tape
TXA-0760,Ruler
TXA-0760,Crayon Set
TXA-0760,Scissors
TXA-0760,Pencil Case
TXA-0760,Colored Pencils
TXA-0761,Eraser
TXA-0761,Pencil
TXA-0761,Pencil Case
TXA-0761,Highlighter
TXA-0761,Scissors
TXA-0761,Colored Pencils
TXA-0762,Sharpener
TXA-0762,Watercolor Set
TXA-0763,Ruler
TXA-0763,Sharpener
TXA-0763,Intermediate Pad
TXA-0763,Highlighter
TXA-0764,Protractor
TXA-0764,Sticky Notes
TXA-0764,Compass
TXA-0764,Pencil Case
TXA-0764,Highlighter
TXA-0765,Eraser
TXA-0765,Highlighter
TXA-0765,Paper Clips
TXA-0765,Ruler
TXA-0765,Pencil Case
TXA-0766,Sharpener
TXA-0766,Sticky Notes
TXA-0766,Pencil
TXA-0766,Ruler
TXA-0767,Pencil Case
TXA-0767,Scissors
TXA-0767,Sticky Notes
TXA-0767,Folder
TXA-0768,Notebook
TXA-0768,Pencil Case
TXA-0768,Paper Clips
TXA-0768,Eraser
TXA-0768,Highlighter
TXA-0768,Compass
TXA-0769,Compass
TXA-0769,Crayon Set
TXA-0769,Folder
TXA-0770,Eraser
TXA-0770,Highlighter
TXA-0771,Correction Tape
TXA-0771,Notebook
TXA-0771,Pencil Case
TXA-0772,Sticky Notes
TXA-0772,Correction Tape
TXA-0772,Highlighter
TXA-0772,Sharpener
TXA-0772,Index Cards
TXA-0772,Pencil Case
TXA-0773,Pencil Case
TXA-0773,Crayon Set
TXA-0773,Pencil
TXA-0774,Pencil Case
TXA-0774,Sticky Notes
TXA-0775,Pencil Case
TXA-0775,Sticky Notes
TXA-0775,Paper Clips
TXA-0775,Notebook
TXA-0775,Folder
TXA-0775,Sharpener
TXA-0776,Pencil Case
TXA-0776,Colored Pencils
TXA-0776,Scissors
TXA-0776,Highlighter
TXA-0777,Pencil Case
TXA-0777,Index Cards
TXA-0777,Pencil
TXA-0777,Correction Tape
TXA-0777,Notebook
TXA-0777,Glue Stick
TXA-0778,Index Cards
TXA-0778,Ruler
TXA-0778,Pencil Case
TXA-0778,Sticky Notes
TXA-0779,Sharpener
TXA-0779,Sticky Notes
TXA-0779,Pencil Case
TXA-0779,Eraser
TXA-0779,Ruler
TXA-0780,Index Cards
TXA-0780,Correction Tape
TXA-0780,Ruler
TXA-0780,Glue Stick
TXA-0780,Eraser
TXA-0781,Intermediate Pad
TXA-0781,Pencil Case
TXA-0781,Correction Tape
TXA-0781,Eraser
TXA-0782,Pencil Case
TXA-0782,Highlighter
TXA-0783,Scissors
TXA-0783,Pencil Case
TXA-0783,Ruler
TXA-0783,Index Cards
TXA-0783,Crayon Set
TXA-0783,Eraser
TXA-0784,Pencil
TXA-0784,Eraser
TXA-0784,Colored Pencils
TXA-0784,Sharpener
TXA-0784,Pencil Case
TXA-0784,Index Cards
TXA-0785,Correction Tape
TXA-0785,Sticky Notes
TXA-0785,Paper Clips
TXA-0785,Protractor
TXA-0785,Notebook
TXA-0785,Folder
TXA-0786,Highlighter
TXA-0786,Eraser
TXA-0786,Pencil
TXA-0786,Glue Stick
TXA-0787,Sharpener
TXA-0787,Colored Pencils
TXA-0787,Eraser
TXA-0787,Ruler
TXA-0788,Watercolor Set
TXA-0788,Ruler
TXA-0789,Ruler
TXA-0789,Highlighter
TXA-0789,Crayon Set
TXA-0789,Pencil
TXA-0789,Glue Stick
TXA-0790,Intermediate Pad
TXA-0790,Pencil
TXA-0790,Sharpener
TXA-0790,Sticky Notes
TXA-0791,Ruler
TXA-0791,Notebook
TXA-0791,Colored Pencils
TXA-0791,Eraser
TXA-0791,Glue Stick
TXA-0792,Sharpener
TXA-0792,Ruler
TXA-0792,Glue Stick
TXA-0792,Pencil
TXA-0792,Colored Pencils
TXA-0793,Correction Tape
TXA-0793,Pencil
TXA-0793,Scissors
TXA-0793,Ruler
TXA-0794,Colored Pencils
TXA-0794,Watercolor Set
TXA-0795,Highlighter
TXA-0795,Sticky Notes
TXA-0795,Folder
TXA-0795,Crayon Set
TXA-0795,Pencil
TXA-0795,Pencil Case
TXA-0796,Scissors
TXA-0796,Protractor
TXA-0796,Notebook
TXA-0796,Index Cards
TXA-0797,Sharpener
TXA-0797,Watercolor Set
TXA-0797,Glue Stick
TXA-0797,Correction Tape
TXA-0798,Notebook
TXA-0798,Scissors
TXA-0798,Sharpener
TXA-0799,Pencil Case
TXA-0799,Ruler
TXA-0799,Compass
TXA-0799,Protractor
TXA-0799,Colored Pencils
TXA-0799,Index Cards
TXA-0800,Notebook
TXA-0800,Pencil
TXA-0800,Intermediate Pad
TXA-0801,Crayon Set
TXA-0801,Notebook
TXA-0801,Ruler
TXA-0802,Crayon Set
TXA-0802,Eraser
TXA-0802,Ruler
TXA-0803,Pencil Case
TXA-0803,Ruler
TXA-0803,Paper Clips
TXA-0804,Sharpener
TXA-0804,Paper Clips
TXA-0804,Correction Tape
TXA-0804,Pencil Case
TXA-0805,Pencil
TXA-0805,Compass
TXA-0805,Highlighter
TXA-0805,Ruler
TXA-0806,Glue Stick
TXA-0806,Scissors
TXA-0806,Sharpener
TXA-0806,Ruler
TXA-0807,Highlighter
TXA-0807,Correction Tape
TXA-0807,Notebook
TXA-0807,Ruler
TXA-0807,Paper Clips
TXA-0807,Folder
TXA-0808,Sticky Notes
TXA-0808,Ruler
TXA-0808,Index Cards
TXA-0808,Watercolor Set
TXA-0809,Folder
TXA-0809,Pencil
TXA-0810,Eraser
TXA-0810,Scissors
TXA-0810,Ruler
TXA-0811,Pencil
TXA-0811,Notebook
TXA-0811,Crayon Set
TXA-0812,Highlighter
TXA-0812,Sharpener
TXA-0813,Colored Pencils
TXA-0813,Notebook
TXA-0813,Folder
TXA-0813,Pencil
TXA-0814,Highlighter
TXA-0814,Sharpener
TXA-0814,Eraser
TXA-0815,Glue Stick
TXA-0815,Pencil
TXA-0815,Colored Pencils
TXA-0816,Watercolor Set
TXA-0816,Pencil
TXA-0817,Eraser
TXA-0817,Pencil
TXA-0817,Compass
TXA-0818,Compass
TXA-0818,Highlighter
TXA-0818,Correction Tape
TXA-0818,Colored Pencils
TXA-0818,Index Cards
TXA-0818,Paper Clips
TXA-0819,Notebook
TXA-0819,Protractor
TXA-0819,Correction Tape
TXA-0820,Eraser
TXA-0820,Notebook
TXA-0820,Pencil
TXA-0821,Sticky Notes
TXA-0821,Pencil
TXA-0821,Highlighter
TXA-0821,Ruler
TXA-0821,Crayon Set
TXA-0821,Notebook
TXA-0822,Glue Stick
TXA-0822,Pencil Case
TXA-0822,Notebook
TXA-0822,Eraser
TXA-0822,Pencil
TXA-0823,Correction Tape
TXA-0823,Folder
TXA-0823,Sharpener
TXA-0823,Pencil
TXA-0823,Pencil Case
TXA-0823,Glue Stick
TXA-0824,Glue Stick
TXA-0824,Correction Tape
TXA-0824,Folder
TXA-0824,Crayon Set
TXA-0824,Pencil Case
TXA-0824,Highlighter
TXA-0825,Scissors
TXA-0825,Pencil Case
TXA-0825,Intermediate Pad
TXA-0825,Colored Pencils
TXA-0825,Notebook
TXA-0825,Folder
TXA-0826,Colored Pencils
TXA-0826,Notebook
TXA-0827,Index Cards
TXA-0827,Sharpener
TXA-0827,Glue Stick
TXA-0827,Crayon Set
TXA-0827,Sticky Notes
TXA-0828,Pencil Case
TXA-0828,Eraser
TXA-0828,Glue Stick
TXA-0828,Sharpener
TXA-0828,Watercolor Set
TXA-0828,Notebook
TXA-0829,Notebook
TXA-0829,Pencil
TXA-0829,Crayon Set
TXA-0829,Sticky Notes
TXA-0829,Glue Stick
TXA-0829,Pencil Case
TXA-0830,Sharpener
TXA-0830,Eraser
TXA-0831,Notebook
TXA-0831,Pencil Case
TXA-0831,Scissors
TXA-0831,Highlighter
TXA-0832,Correction Tape
TXA-0832,Notebook
TXA-0832,Ruler
TXA-0832,Eraser
TXA-0833,Crayon Set
TXA-0833,Sharpener
TXA-0833,Sticky Notes
TXA-0833,Folder
TXA-0833,Ruler
TXA-0834,Folder
TXA-0834,Protractor
TXA-0834,Glue Stick
TXA-0834,Index Cards
TXA-0834,Ruler
TXA-0834,Pencil
TXA-0835,Crayon Set
TXA-0835,Notebook
TXA-0836,Pencil
TXA-0836,Scissors
TXA-0836,Sticky Notes
TXA-0837,Glue Stick
TXA-0837,Colored Pencils
TXA-0837,Pencil Case
TXA-0837,Notebook
TXA-0837,Crayon Set
TXA-0837,Correction Tape
TXA-0838,Folder
TXA-0838,Glue Stick
TXA-0838,Pencil Case
TXA-0839,Eraser
TXA-0839,Pencil Case
TXA-0839,Pencil
TXA-0839,Scissors
TXA-0840,Glue Stick
TXA-0840,Folder
TXA-0840,Crayon Set
TXA-0840,Scissors
TXA-0840,Intermediate Pad
TXA-0841,Highlighter
TXA-0841,Notebook
TXA-0841,Pencil
TXA-0842,Ruler
TXA-0842,Pencil Case
TXA-0842,Highlighter
TXA-0842,Scissors
TXA-0842,Eraser
TXA-0842,Sharpener
TXA-0843,Sharpener
TXA-0843,Highlighter
TXA-0844,Pencil Case
TXA-0844,Sharpener
TXA-0844,Folder
TXA-0845,Notebook
TXA-0845,Pencil
TXA-0845,Pencil Case
TXA-0845,Index Cards
TXA-0845,Intermediate Pad
TXA-0846,Ruler
TXA-0846,Sticky Notes
TXA-0846,Paper Clips
TXA-0846,Sharpener
TXA-0846,Compass
TXA-0846,Eraser
TXA-0847,Compass
TXA-0847,Notebook
TXA-0847,Sharpener
TXA-0847,Pencil Case
TXA-0847,Eraser
TXA-0847,Highlighter
TXA-0848,Pencil Case
TXA-0848,Sharpener
TXA-0848,Intermediate Pad
TXA-0848,Sticky Notes
TXA-0848,Compass
TXA-0848,Correction Tape
TXA-0849,Eraser
TXA-0849,Folder
TXA-0849,Notebook
TXA-0849,Glue Stick
TXA-0849,Pencil
TXA-0849,Sharpener
TXA-0850,Highlighter
TXA-0850,Watercolor Set
TXA-0850,Correction Tape
TXA-0850,Notebook
TXA-0850,Eraser
TXA-0851,Highlighter
TXA-0851,Protractor
TXA-0851,Colored Pencils
TXA-0851,Eraser
TXA-0851,Ruler
TXA-0852,Folder
TXA-0852,Pencil Case
TXA-0852,Correction Tape
TXA-0852,Ruler
TXA-0853,Notebook
TXA-0853,Crayon Set
TXA-0854,Pencil Case
TXA-0854,Paper Clips
TXA-0854,Folder
TXA-0854,Sharpener
TXA-0855,Eraser
TXA-0855,Intermediate Pad
TXA-0855,Colored Pencils
TXA-0855,Watercolor Set
TXA-0855,Folder
TXA-0855,Pencil
TXA-0856,Correction Tape
TXA-0856,Eraser
TXA-0856,Pencil
TXA-0857,Sticky Notes
TXA-0857,Sharpener
TXA-0857,Crayon Set
TXA-0858,Paper Clips
TXA-0858,Highlighter
TXA-0859,Glue Stick
TXA-0859,Index Cards
TXA-0859,Folder
TXA-0859,Pencil Case
TXA-0859,Notebook
TXA-0860,Ruler
TXA-0860,Watercolor Set
TXA-0860,Correction Tape
TXA-0860,Scissors
TXA-0860,Eraser
TXA-0860,Pencil
TXA-0861,Ruler
TXA-0861,Eraser
TXA-0861,Highlighter
TXA-0861,Pencil Case
TXA-0861,Correction Tape
TXA-0861,Scissors
TXA-0862,Pencil Case
TXA-0862,Notebook
TXA-0862,Correction Tape
TXA-0862,Index Cards
TXA-0862,Folder
TXA-0862,Pencil
TXA-0863,Notebook
TXA-0863,Colored Pencils
TXA-0863,Pencil Case
TXA-0863,Eraser
TXA-0863,Highlighter
TXA-0863,Sharpener
TXA-0864,Correction Tape
TXA-0864,Pencil
TXA-0864,Ruler
TXA-0864,Sharpener
TXA-0864,Compass
TXA-0864,Notebook
TXA-0865,Folder
TXA-0865,Eraser
TXA-0865,Crayon Set
TXA-0866,Sharpener
TXA-0866,Notebook
TXA-0866,Scissors
TXA-0866,Highlighter
TXA-0867,Colored Pencils
TXA-0867,Sticky Notes
TXA-0867,Highlighter
TXA-0867,Index Cards
TXA-0867,Notebook
TXA-0867,Watercolor Set
TXA-0868,Pencil
TXA-0868,Compass
TXA-0868,Eraser
TXA-0869,Pencil
TXA-0869,Scissors
TXA-0870,Scissors
TXA-0870,Ruler
TXA-0870,Folder
TXA-0870,Eraser
TXA-0870,Watercolor Set
TXA-0870,Pencil Case
TXA-0871,Colored Pencils
TXA-0871,Pencil Case
TXA-0872,Folder
TXA-0872,Highlighter
TXA-0872,Notebook
TXA-0872,Ruler
TXA-0873,Sharpener
TXA-0873,Glue Stick
TXA-0873,Sticky Notes
TXA-0873,Ruler
TXA-0874,Pencil
TXA-0874,Correction Tape
TXA-0874,Compass
TXA-0874,Eraser
TXA-0874,Glue Stick
TXA-0875,Pencil
TXA-0875,Index Cards
TXA-0875,Notebook
TXA-0875,Colored Pencils
TXA-0875,Scissors
TXA-0875,Sticky Notes
TXA-0876,Sharpener
TXA-0876,Eraser
TXA-0877,Correction Tape
TXA-0877,Glue Stick
TXA-0877,Paper Clips
TXA-0878,Highlighter
TXA-0878,Scissors
TXA-0878,Correction Tape
TXA-0878,Pencil Case
TXA-0878,Eraser
TXA-0879,Ruler
TXA-0879,Highlighter
TXA-0879,Crayon Set
TXA-0880,Highlighter
TXA-0880,Eraser
TXA-0880,Notebook
TXA-0880,Watercolor Set
TXA-0880,Sharpener
TXA-0880,Colored Pencils
TXA-0881,Notebook
TXA-0881,Pencil
TXA-0881,Pencil Case
TXA-0881,Index Cards
TXA-0881,Crayon Set
TXA-0882,Eraser
TXA-0882,Notebook
TXA-0883,Pencil Case
TXA-0883,Watercolor Set
TXA-0884,Pencil Case
TXA-0884,Index Cards
TXA-0884,Scissors
TXA-0884,Protractor
TXA-0884,Pencil
TXA-0884,Highlighter
TXA-0885,Highlighter
TXA-0885,Watercolor Set
TXA-0886,Eraser
TXA-0886,Crayon Set
TXA-0886,Notebook
TXA-0886,Pencil
TXA-0887,Sticky Notes
TXA-0887,Pencil Case
TXA-0887,Highlighter
TXA-0887,Watercolor Set
TXA-0887,Sharpener
TXA-0887,Folder
TXA-0888,Paper Clips
TXA-0888,Scissors
TXA-0888,Pencil
TXA-0888,Intermediate Pad
TXA-0888,Glue Stick
TXA-0888,Highlighter
TXA-0889,Highlighter
TXA-0889,Glue Stick
TXA-0889,Folder
TXA-0889,Notebook
TXA-0889,Colored Pencils
TXA-0890,Watercolor Set
TXA-0890,Notebook
TXA-0890,Eraser
TXA-0890,Pencil Case
TXA-0891,Sharpener
TXA-0891,Eraser
TXA-0891,Notebook
TXA-0891,Pencil Case
TXA-0892,Sharpener
TXA-0892,Folder
TXA-0892,Pencil Case
TXA-0893,Intermediate Pad
TXA-0893,Notebook
TXA-0893,Pencil Case
TXA-0893,Folder
TXA-0893,Ruler
TXA-0894,Index Cards
TXA-0894,Scissors
TXA-0894,Pencil
TXA-0895,Notebook
TXA-0895,Eraser
TXA-0895,Crayon Set
TXA-0895,Highlighter
TXA-0895,Correction Tape
TXA-0895,Pencil
TXA-0896,Notebook
TXA-0896,Eraser
TXA-0897,Sticky Notes
TXA-0897,Highlighter
TXA-0897,Eraser
TXA-0897,Crayon Set
TXA-0897,Correction Tape
TXA-0897,Sharpener
TXA-0898,Pencil
TXA-0898,Sharpener
TXA-0899,Glue Stick
TXA-0899,Eraser
TXA-0899,Highlighter
TXA-0899,Pencil
TXA-0899,Pencil Case
TXA-0900,Compass
TXA-0900,Pencil Case
TXA-0901,Ruler
TXA-0901,Pencil
TXA-0902,Colored Pencils
TXA-0902,Eraser
TXA-0902,Pencil
TXA-0902,Scissors
TXA-0902,Notebook
TXA-0903,Index Cards
TXA-0903,Folder
TXA-0903,Sharpener
TXA-0903,Colored Pencils
TXA-0904,Ruler
TXA-0904,Correction Tape
TXA-0905,Pencil Case
TXA-0905,Index Cards
TXA-0905,Pencil
TXA-0906,Pencil
TXA-0906,Watercolor Set
TXA-0906,Ruler
TXA-0906,Notebook
TXA-0906,Pencil Case
TXA-0907,Sharpener
TXA-0907,Compass
TXA-0907,Eraser
TXA-0908,Eraser
TXA-0908,Crayon Set
TXA-0909,Folder
TXA-0909,Protractor
TXA-0910,Sharpener
TXA-0910,Compass
TXA-0910,Paper Clips
TXA-0910,Pencil
TXA-0910,Crayon Set
TXA-0911,Folder
TXA-0911,Eraser
TXA-0911,Colored Pencils
TXA-0911,Pencil
TXA-0911,Paper Clips
TXA-0911,Correction Tape
TXA-0912,Compass
TXA-0912,Eraser
TXA-0912,Folder
TXA-0913,Pencil
TXA-0913,Sharpener
TXA-0914,Sharpener
TXA-0914,Eraser
TXA-0915,Glue Stick
TXA-0915,Colored Pencils
TXA-0916,Pencil
TXA-0916,Index Cards
TXA-0916,Ruler
TXA-0916,Scissors
TXA-0916,Colored Pencils
TXA-0916,Notebook
TXA-0917,Pencil Case
TXA-0917,Highlighter
TXA-0918,Index Cards
TXA-0918,Pencil
TXA-0918,Ruler
TXA-0918,Protractor
TXA-0918,Sticky Notes
TXA-0918,Colored Pencils
TXA-0919,Crayon Set
TXA-0919,Pencil Case
TXA-0919,Notebook
TXA-0919,Index Cards
TXA-0919,Ruler
TXA-0920,Folder
TXA-0920,Notebook
TXA-0921,Scissors
TXA-0921,Notebook
TXA-0921,Glue Stick
TXA-0921,Folder
TXA-0922,Crayon Set
TXA-0922,Eraser
TXA-0922,Correction Tape
TXA-0922,Paper Clips
TXA-0923,Pencil
TXA-0923,Glue Stick
TXA-0923,Folder
TXA-0923,Correction Tape
TXA-0923,Scissors
TXA-0923,Notebook
TXA-0924,Sharpener
TXA-0924,Pencil
TXA-0924,Pencil Case
TXA-0924,Watercolor Set
TXA-0924,Sticky Notes
TXA-0924,Notebook
TXA-0925,Highlighter
TXA-0925,Folder
TXA-0926,Pencil
TXA-0926,Colored Pencils
TXA-0926,Index Cards
TXA-0926,Eraser
TXA-0926,Sharpener
TXA-0927,Highlighter
TXA-0927,Pencil
TXA-0927,Scissors
TXA-0927,Pencil Case
TXA-0927,Correction Tape
TXA-0928,Pencil
TXA-0928,Pencil Case
TXA-0928,Ruler
TXA-0929,Pencil Case
TXA-0929,Glue Stick
TXA-0929,Correction Tape
TXA-0930,Scissors
TXA-0930,Colored Pencils
TXA-0930,Eraser
TXA-0930,Sharpener
TXA-0930,Highlighter
TXA-0931,Pencil Case
TXA-0931,Paper Clips
TXA-0932,Paper Clips
TXA-0932,Sticky Notes
TXA-0932,Notebook
TXA-0932,Highlighter
TXA-0932,Ruler
TXA-0933,Sticky Notes
TXA-0933,Crayon Set
TXA-0933,Pencil Case
TXA-0933,Glue Stick
TXA-0933,Folder
TXA-0934,Sticky Notes
TXA-0934,Pencil Case
TXA-0935,Compass
TXA-0935,Pencil Case
TXA-0935,Crayon Set
TXA-0936,Sharpener
TXA-0936,Pencil
TXA-0936,Colored Pencils
TXA-0936,Glue Stick
TXA-0936,Compass
TXA-0936,Scissors
TXA-0937,Notebook
TXA-0937,Pencil Case
TXA-0937,Colored Pencils
TXA-0937,Sharpener
TXA-0937,Scissors
TXA-0937,Index Cards
TXA-0938,Pencil
TXA-0938,Eraser
TXA-0939,Folder
TXA-0939,Highlighter
TXA-0939,Scissors
TXA-0939,Glue Stick
TXA-0939,Intermediate Pad
TXA-0940,Scissors
TXA-0940,Protractor
TXA-0940,Sticky Notes
TXA-0940,Sharpener
TXA-0941,Sticky Notes
TXA-0941,Ruler
TXA-0941,Eraser
TXA-0941,Glue Stick
TXA-0941,Notebook
TXA-0942,Paper Clips
TXA-0942,Eraser
TXA-0942,Compass
TXA-0942,Folder
TXA-0942,Notebook
TXA-0942,Crayon Set
TXA-0943,Glue Stick
TXA-0943,Folder
TXA-0943,Protractor
TXA-0943,Eraser
TXA-0944,Protractor
TXA-0944,Eraser
TXA-0944,Sharpener
TXA-0944,Index Cards
TXA-0945,Paper Clips
TXA-0945,Folder
TXA-0945,Glue Stick
TXA-0945,Scissors
TXA-0946,Pencil Case
TXA-0946,Notebook
TXA-0947,Eraser
TXA-0947,Watercolor Set
TXA-0947,Ruler
TXA-0948,Sticky Notes
TXA-0948,Pencil Case
TXA-0948,Notebook
TXA-0948,Paper Clips
TXA-0949,Colored Pencils
TXA-0949,Sticky Notes
TXA-0950,Folder
TXA-0950,Watercolor Set
TXA-0950,Colored Pencils
TXA-0951,Glue Stick
TXA-0951,Ruler
TXA-0952,Sharpener
TXA-0952,Index Cards
TXA-0952,Paper Clips
TXA-0952,Ruler
TXA-0952,Correction Tape
TXA-0952,Notebook
TXA-0953,Correction Tape
TXA-0953,Eraser
TXA-0954,Paper Clips
TXA-0954,Glue Stick
TXA-0954,Highlighter
TXA-0954,Pencil Case
TXA-0954,Folder
TXA-0954,Ruler
TXA-0955,Pencil
TXA-0955,Scissors
TXA-0955,Ruler
TXA-0955,Pencil Case
TXA-0955,Sticky Notes
TXA-0955,Folder
TXA-0956,Crayon Set
TXA-0956,Scissors
TXA-0956,Pencil Case
TXA-0956,Notebook
TXA-0956,Correction Tape
TXA-0957,Pencil
TXA-0957,Pencil Case
TXA-0957,Highlighter
TXA-0958,Scissors
TXA-0958,Eraser
TXA-0959,Folder
TXA-0959,Index Cards
TXA-0959,Pencil
TXA-0959,Eraser
TXA-0959,Highlighter
TXA-0960,Sharpener
TXA-0960,Glue Stick
TXA-0960,Scissors
TXA-0960,Protractor
TXA-0960,Folder
TXA-0961,Pencil Case
TXA-0961,Index Cards
TXA-0961,Sharpener
TXA-0962,Pencil Case
TXA-0962,Colored Pencils
TXA-0962,Notebook
TXA-0962,Sharpener
TXA-0962,Ruler
TXA-0962,Crayon Set
TXA-0963,Index Cards
TXA-0963,Pencil
TXA-0964,Glue Stick
TXA-0964,Protractor
TXA-0964,Notebook
TXA-0964,Pencil
TXA-0965,Paper Clips
TXA-0965,Eraser
TXA-0966,Pencil
TXA-0966,Crayon Set
TXA-0966,Pencil Case
TXA-0966,Index Cards
TXA-0967,Intermediate Pad
TXA-0967,Watercolor Set
TXA-0967,Sticky Notes
TXA-0968,Pencil Case
TXA-0968,Colored Pencils
TXA-0968,Eraser
TXA-0968,Scissors
TXA-0969,Ruler
TXA-0969,Crayon Set
TXA-0970,Eraser
TXA-0970,Scissors
TXA-0970,Ruler
TXA-0971,Highlighter
TXA-0971,Protractor
TXA-0971,Colored Pencils
TXA-0971,Glue Stick
TXA-0971,Ruler
TXA-0972,Pencil Case
TXA-0972,Eraser
TXA-0972,Notebook
TXA-0972,Correction Tape
TXA-0972,Colored Pencils
TXA-0972,Pencil
TXA-0973,Pencil Case
TXA-0973,Colored Pencils
TXA-0974,Correction Tape
TXA-0974,Pencil Case
TXA-0974,Sticky Notes
TXA-0974,Highlighter
TXA-0975,Compass
TXA-0975,Folder
TXA-0975,Colored Pencils
TXA-0976,Folder
TXA-0976,Glue Stick
TXA-0976,Pencil Case
TXA-0976,Eraser
TXA-0977,Scissors
TXA-0977,Colored Pencils
TXA-0977,Pencil Case
TXA-0977,Paper Clips
TXA-0977,Ruler
TXA-0978,Sharpener
TXA-0978,Pencil
TXA-0978,Notebook
TXA-0978,Folder
TXA-0978,Crayon Set
TXA-0979,Protractor
TXA-0979,Intermediate Pad
TXA-0979,Eraser
TXA-0980,Highlighter
TXA-0980,Correction Tape
TXA-0981,Intermediate Pad
TXA-0981,Paper Clips
TXA-0982,Pencil
TXA-0982,Watercolor Set
TXA-0982,Highlighter
TXA-0983,Crayon Set
TXA-0983,Folder
TXA-0984,Correction Tape
TXA-0984,Highlighter
TXA-0984,Sharpener
TXA-0984,Scissors
TXA-0984,Ruler
TXA-0984,Eraser
TXA-0985,Ruler
TXA-0985,Glue Stick
TXA-0985,Pencil
TXA-0985,Eraser
TXA-0985,Highlighter
TXA-0985,Correction Tape
TXA-0986,Ruler
TXA-0986,Colored Pencils
TXA-0986,Scissors
TXA-0987,Notebook
TXA-0987,Paper Clips
TXA-0987,Crayon Set
TXA-0988,Paper Clips
TXA-0988,Ruler
TXA-0988,Glue Stick
TXA-0988,Intermediate Pad
TXA-0988,Pencil Case
TXA-0988,Notebook
TXA-0989,Colored Pencils
TXA-0989,Index Cards
TXA-0989,Watercolor Set
TXA-0990,Compass
TXA-0990,Ruler
TXA-0990,Crayon Set
TXA-0990,Sticky Notes
TXA-0990,Glue Stick
TXA-0991,Pencil
TXA-0991,Eraser
TXA-0991,Ruler
TXA-0991,Pencil Case
TXA-0992,Glue Stick
TXA-0992,Highlighter
TXA-0992,Scissors
TXA-0992,Folder
TXA-0992,Pencil
TXA-0992,Pencil Case
TXA-0993,Colored Pencils
TXA-0993,Notebook
TXA-0994,Correction Tape
TXA-0994,Notebook
TXA-0994,Highlighter
TXA-0994,Pencil
TXA-0994,Sharpener
TXA-0994,Scissors
TXA-0995,Eraser
TXA-0995,Pencil Case
TXA-0995,Sticky Notes
TXA-0996,Paper Clips
TXA-0996,Intermediate Pad
TXA-0997,Crayon Set
TXA-0997,Protractor
TXA-0997,Colored Pencils
TXA-0998,Pencil
TXA-0998,Intermediate Pad
TXA-0999,Correction Tape
TXA-0999,Notebook
TXA-0999,Ruler
TXA-0999,Folder
TXA-0999,Pencil
TXA-1000,Index Cards
TXA-1000,Glue Stick
TXA-1000,Sticky Notes
TXA-1000,Colored Pencils
TXA-1000,Ruler
TXA-1001,Glue Stick
TXA-1001,Folder
TXA-1001,Watercolor Set
TXA-1001,Index Cards
TXA-1001,Notebook
TXA-1001,Sharpener
TXA-1002,Correction Tape
TXA-1002,Eraser
TXA-1003,Sharpener
TXA-1003,Crayon Set
TXA-1003,Scissors
TXA-1003,Folder
TXA-1003,Highlighter
TXA-1003,Pencil Case
TXA-1004,Notebook
TXA-1004,Watercolor Set
TXA-1004,Index Cards
TXA-1004,Eraser
TXA-1005,Notebook
TXA-1005,Highlighter
TXA-1005,Pencil Case
TXA-1006,Watercolor Set
TXA-1006,Notebook
TXA-1006,Highlighter
TXA-1006,Pencil Case
TXA-1006,Scissors
TXA-1006,Eraser
TXA-1007,Paper Clips
TXA-1007,Highlighter
TXA-1007,Pencil
TXA-1007,Notebook
TXA-1007,Folder
TXA-1007,Eraser
TXA-1008,Watercolor Set
TXA-1008,Correction Tape
TXA-1008,Sticky Notes
TXA-1008,Pencil Case
TXA-1008,Sharpener
TXA-1008,Highlighter
TXA-1009,Colored Pencils
TXA-1009,Pencil
TXA-1009,Pencil Case
TXA-1010,Highlighter
TXA-1010,Pencil Case
TXA-1010,Crayon Set
TXA-1010,Index Cards
TXA-1010,Protractor
TXA-1011,Intermediate Pad
TXA-1011,Sharpener
TXA-1011,Notebook
TXA-1011,Index Cards
TXA-1011,Watercolor Set
TXA-1011,Glue Stick
TXA-1012,Pencil
TXA-1012,Eraser
TXA-1012,Sticky Notes
TXA-1013,Notebook
TXA-1013,Ruler
TXA-1014,Ruler
TXA-1014,Pencil
TXA-1014,Paper Clips
TXA-1014,Compass
TXA-1014,Pencil Case
TXA-1015,Pencil Case
TXA-1015,Scissors
TXA-1015,Glue Stick
TXA-1015,Correction Tape
TXA-1016,Correction Tape
TXA-1016,Eraser
TXA-1016,Glue Stick
TXA-1016,Notebook
TXA-1016,Sharpener
TXA-1016,Pencil Case
TXA-1017,Pencil Case
TXA-1017,Watercolor Set
TXA-1017,Sharpener
TXA-1017,Highlighter
TXA-1017,Sticky Notes
TXA-1017,Eraser
TXA-1018,Pencil
TXA-1018,Colored Pencils
TXA-1018,Pencil Case
TXA-1019,Highlighter
TXA-1019,Correction Tape
TXA-1020,Ruler
TXA-1020,Pencil Case
TXA-1020,Pencil
TXA-1020,Protractor
TXA-1021,Highlighter
TXA-1021,Glue Stick
TXA-1021,Colored Pencils
TXA-1022,Glue Stick
TXA-1022,Scissors
TXA-1022,Compass
TXA-1022,Crayon Set
TXA-1022,Ruler
TXA-1022,Pencil Case
TXA-1023,Ruler
TXA-1023,Watercolor Set
TXA-1023,Sticky Notes
TXA-1023,Colored Pencils
TXA-1024,Pencil Case
TXA-1024,Scissors
TXA-1024,Eraser
TXA-1024,Watercolor Set
TXA-1024,Notebook
TXA-1024,Glue Stick
TXA-1025,Colored Pencils
TXA-1025,Glue Stick
TXA-1025,Pencil Case
TXA-1026,Protractor
TXA-1026,Folder
TXA-1026,Colored Pencils
TXA-1026,Paper Clips
TXA-1026,Compass
TXA-1026,Eraser
TXA-1027,Correction Tape
TXA-1027,Eraser
TXA-1027,Glue Stick
TXA-1027,Highlighter
TXA-1027,Intermediate Pad
TXA-1027,Scissors
TXA-1028,Folder
TXA-1028,Highlighter
TXA-1028,Notebook
TXA-1028,Pencil
TXA-1028,Colored Pencils
TXA-1029,Compass
TXA-1029,Pencil Case
TXA-1029,Pencil
TXA-1029,Colored Pencils
TXA-1030,Crayon Set
TXA-1030,Eraser
TXA-1031,Protractor
TXA-1031,Notebook
TXA-1031,Ruler
TXA-1031,Glue Stick
TXA-1031,Colored Pencils
TXA-1031,Pencil Case
TXA-1032,Colored Pencils
TXA-1032,Eraser
TXA-1032,Pencil Case
TXA-1033,Folder
TXA-1033,Ruler
TXA-1033,Pencil Case
TXA-1033,Crayon Set
TXA-1034,Sharpener
TXA-1034,Glue Stick
TXA-1034,Compass
TXA-1034,Sticky Notes
TXA-1035,Ruler
TXA-1035,Sharpener
TXA-1035,Colored Pencils
TXA-1036,Index Cards
TXA-1036,Highlighter
TXA-1036,Notebook
TXA-1036,Glue Stick
TXA-1036,Paper Clips
TXA-1037,Watercolor Set
TXA-1037,Notebook
TXA-1037,Sticky Notes
TXA-1037,Paper Clips
TXA-1037,Pencil Case
TXA-1037,Scissors
TXA-1038,Colored Pencils
TXA-1038,Ruler
TXA-1038,Scissors
TXA-1038,Pencil
TXA-1038,Crayon Set
TXA-1038,Correction Tape
TXA-1039,Pencil Case
TXA-1039,Eraser
TXA-1039,Correction Tape
TXA-1039,Notebook
TXA-1040,Highlighter
TXA-1040,Correction Tape
TXA-1040,Folder
TXA-1040,Ruler
TXA-1040,Glue Stick
TXA-1041,Colored Pencils
TXA-1041,Ruler
TXA-1041,Pencil Case
TXA-1041,Folder
TXA-1042,Correction Tape
TXA-1042,Sharpener
TXA-1042,Index Cards
TXA-1042,Eraser
TXA-1042,Scissors
TXA-1043,Pencil
TXA-1043,Sticky Notes
TXA-1043,Crayon Set
TXA-1044,Notebook
TXA-1044,Pencil Case
TXA-1045,Watercolor Set
TXA-1045,Pencil
TXA-1045,Sharpener
TXA-1045,Scissors
TXA-1045,Correction Tape
TXA-1046,Index Cards
TXA-1046,Pencil
TXA-1046,Watercolor Set
TXA-1046,Sticky Notes
TXA-1047,Highlighter
TXA-1047,Pencil
TXA-1047,Crayon Set
TXA-1047,Notebook
TXA-1047,Index Cards
TXA-1047,Scissors
TXA-1048,Ruler
TXA-1048,Pencil Case
TXA-1049,Correction Tape
TXA-1049,Ruler
TXA-1049,Watercolor Set
TXA-1049,Pencil Case
TXA-1049,Crayon Set
TXA-1049,Colored Pencils
TXA-1050,Glue Stick
TXA-1050,Ruler
TXA-1051,Ruler
TXA-1051,Pencil
TXA-1051,Sharpener
TXA-1052,Index Cards
TXA-1052,Highlighter
TXA-1052,Eraser
TXA-1052,Pencil
TXA-1053,Pencil Case
TXA-1053,Highlighter
TXA-1054,Pencil
TXA-1054,Glue Stick
TXA-1054,Scissors
TXA-1054,Ruler
TXA-1054,Intermediate Pad
TXA-1054,Sticky Notes
TXA-1055,Eraser
TXA-1055,Pencil Case
TXA-1055,Colored Pencils
TXA-1055,Notebook
TXA-1055,Scissors
TXA-1055,Pencil
TXA-1056,Watercolor Set
TXA-1056,Pencil Case
TXA-1056,Notebook
TXA-1056,Pencil
TXA-1056,Scissors
TXA-1057,Watercolor Set
TXA-1057,Glue Stick
TXA-1057,Colored Pencils
TXA-1057,Sharpener
TXA-1057,Ruler
TXA-1057,Eraser
TXA-1058,Colored Pencils
TXA-1058,Highlighter
TXA-1058,Folder
TXA-1059,Scissors
TXA-1059,Pencil Case
TXA-1059,Sticky Notes
TXA-1059,Colored Pencils
TXA-1059,Pencil
TXA-1060,Colored Pencils
TXA-1060,Highlighter
TXA-1060,Notebook
TXA-1060,Pencil
TXA-1061,Pencil
TXA-1061,Watercolor Set
TXA-1061,Ruler
TXA-1062,Sharpener
TXA-1062,Colored Pencils
TXA-1062,Highlighter
TXA-1062,Sticky Notes
TXA-1063,Notebook
TXA-1063,Pencil Case
TXA-1063,Scissors
TXA-1063,Sharpener
TXA-1064,Correction Tape
TXA-1064,Eraser
TXA-1064,Sharpener
TXA-1064,Glue Stick
TXA-1064,Scissors
TXA-1065,Sticky Notes
TXA-1065,Crayon Set
TXA-1065,Ruler
TXA-1065,Glue Stick
TXA-1065,Index Cards
TXA-1066,Notebook
TXA-1066,Glue Stick
TXA-1066,Eraser
TXA-1066,Ruler
TXA-1066,Pencil
TXA-1066,Highlighter
TXA-1067,Sharpener
TXA-1067,Sticky Notes
TXA-1068,Notebook
TXA-1068,Protractor
TXA-1068,Glue Stick
TXA-1068,Ruler
TXA-1068,Crayon Set
TXA-1068,Pencil
TXA-1069,Crayon Set
TXA-1069,Colored Pencils
TXA-1070,Pencil
TXA-1070,Highlighter
TXA-1070,Sharpener
TXA-1070,Pencil Case
TXA-1070,Scissors
TXA-1071,Intermediate Pad
TXA-1071,Pencil Case
TXA-1071,Eraser
TXA-1071,Sticky Notes
TXA-1072,Ruler
TXA-1072,Highlighter
TXA-1072,Pencil Case
TXA-1072,Eraser
TXA-1072,Sharpener
TXA-1073,Watercolor Set
TXA-1073,Glue Stick
TXA-1073,Pencil Case
TXA-1073,Eraser
TXA-1073,Ruler
TXA-1073,Highlighter
TXA-1074,Glue Stick
TXA-1074,Notebook
TXA-1074,Pencil
TXA-1074,Watercolor Set
TXA-1074,Ruler
TXA-1075,Paper Clips
TXA-1075,Watercolor Set
TXA-1075,Highlighter
TXA-1075,Correction Tape
TXA-1076,Glue Stick
TXA-1076,Highlighter
TXA-1077,Notebook
TXA-1077,Pencil
TXA-1077,Sharpener
TXA-1077,Folder
TXA-1077,Highlighter
TXA-1077,Pencil Case
TXA-1078,Sticky Notes
TXA-1078,Sharpener
TXA-1078,Correction Tape
TXA-1078,Index Cards
TXA-1078,Eraser
TXA-1078,Highlighter
TXA-1079,Highlighter
TXA-1079,Crayon Set
TXA-1079,Sharpener
TXA-1079,Notebook
TXA-1079,Pencil
TXA-1080,Folder
TXA-1080,Pencil
TXA-1080,Notebook
TXA-1081,Sticky Notes
TXA-1081,Pencil
TXA-1081,Protractor
TXA-1081,Highlighter
TXA-1082,Pencil Case
TXA-1082,Colored Pencils
TXA-1082,Eraser
TXA-1083,Highlighter
TXA-1083,Compass
TXA-1083,Pencil
TXA-1083,Eraser
TXA-1083,Sticky Notes
TXA-1084,Watercolor Set
TXA-1084,Highlighter
TXA-1084,Paper Clips
TXA-1084,Scissors
TXA-1084,Sharpener
TXA-1085,Scissors
TXA-1085,Notebook
TXA-1085,Ruler
TXA-1085,Pencil
TXA-1085,Colored Pencils
TXA-1086,Folder
TXA-1086,Crayon Set
TXA-1086,Colored Pencils
TXA-1086,Eraser
TXA-1086,Intermediate Pad
TXA-1086,Glue Stick
TXA-1087,Compass
TXA-1087,Scissors
TXA-1088,Pencil
TXA-1088,Scissors
TXA-1088,Crayon Set
TXA-1088,Eraser
TXA-1089,Protractor
TXA-1089,Compass
TXA-1089,Crayon Set
TXA-1089,Notebook
TXA-1089,Pencil Case
TXA-1089,Correction Tape
TXA-1090,Eraser
TXA-1090,Highlighter
TXA-1091,Colored Pencils
TXA-1091,Folder
TXA-1092,Ruler
TXA-1092,Pencil Case
TXA-1092,Notebook
TXA-1092,Sticky Notes
TXA-1092,Glue Stick
TXA-1092,Highlighter
TXA-1093,Glue Stick
TXA-1093,Ruler
TXA-1093,Sharpener
TXA-1093,Protractor
TXA-1093,Eraser
TXA-1094,Pencil Case
TXA-1094,Paper Clips
TXA-1094,Crayon Set
TXA-1095,Eraser
TXA-1095,Highlighter
TXA-1095,Glue Stick
TXA-1095,Scissors
TXA-1095,Crayon Set
TXA-1095,Ruler
TXA-1096,Pencil Case
TXA-1096,Scissors
TXA-1096,Eraser
TXA-1096,Pencil
TXA-1096,Correction Tape
TXA-1096,Notebook
TXA-1097,Ruler
TXA-1097,Correction Tape
TXA-1097,Pencil Case
TXA-1097,Pencil
TXA-1097,Sharpener
TXA-1097,Colored Pencils
TXA-1098,Highlighter
TXA-1098,Sharpener
TXA-1098,Pencil
TXA-1099,Folder
TXA-1099,Sticky Notes
TXA-1099,Correction Tape
TXA-1100,Protractor
TXA-1100,Intermediate Pad
TXA-1100,Glue Stick
TXA-1100,Index Cards
TXA-1101,Crayon Set
TXA-1101,Sharpener
TXA-1101,Notebook
TXA-1101,Highlighter
TXA-1101,Index Cards
TXA-1102,Eraser
TXA-1102,Crayon Set
TXA-1102,Sharpener
TXA-1103,Crayon Set
TXA-1103,Pencil
TXA-1103,Eraser
TXA-1103,Folder
TXA-1104,Folder
TXA-1104,Intermediate Pad
TXA-1104,Watercolor Set
TXA-1104,Eraser
TXA-1105,Folder
TXA-1105,Pencil
TXA-1105,Watercolor Set
TXA-1105,Pencil Case
TXA-1105,Intermediate Pad
TXA-1106,Sharpener
TXA-1106,Ruler
TXA-1106,Glue Stick
TXA-1106,Compass
TXA-1106,Pencil Case
TXA-1107,Highlighter
TXA-1107,Intermediate Pad
TXA-1107,Notebook
TXA-1107,Watercolor Set
TXA-1107,Sticky Notes
TXA-1107,Eraser
TXA-1108,Sticky Notes
TXA-1108,Eraser
TXA-1108,Glue Stick
TXA-1108,Notebook
TXA-1109,Crayon Set
TXA-1109,Scissors
TXA-1109,Pencil
TXA-1110,Highlighter
TXA-1110,Protractor
TXA-1110,Ruler
TXA-1110,Pencil Case
TXA-1111,Sticky Notes
TXA-1111,Pencil Case
TXA-1112,Scissors
TXA-1112,Colored Pencils
TXA-1113,Eraser
TXA-1113,Sharpener
TXA-1113,Pencil
TXA-1113,Pencil Case
TXA-1114,Pencil Case
TXA-1114,Highlighter
TXA-1115,Intermediate Pad
TXA-1115,Highlighter
TXA-1115,Colored Pencils
TXA-1116,Pencil Case
TXA-1116,Highlighter
TXA-1117,Highlighter
TXA-1117,Watercolor Set
TXA-1117,Folder
TXA-1117,Compass
TXA-1117,Correction Tape
TXA-1118,Eraser
TXA-1118,Folder
TXA-1118,Intermediate Pad
TXA-1119,Paper Clips
TXA-1119,Eraser
TXA-1119,Notebook
TXA-1119,Watercolor Set
TXA-1119,Crayon Set
TXA-1120,Eraser
TXA-1120,Index Cards
TXA-1120,Ruler
TXA-1120,Pencil Case
TXA-1121,Ruler
TXA-1121,Pencil Case
TXA-1121,Compass
TXA-1121,Sharpener
TXA-1121,Scissors
TXA-1122,Compass
TXA-1122,Eraser
TXA-1122,Notebook
TXA-1122,Colored Pencils
TXA-1122,Pencil Case
TXA-1123,Index Cards
TXA-1123,Eraser
TXA-1123,Highlighter
TXA-1123,Paper Clips
TXA-1123,Colored Pencils
TXA-1123,Pencil Case
TXA-1124,Pencil Case
TXA-1124,Crayon Set
TXA-1125,Pencil Case
TXA-1125,Scissors
TXA-1125,Colored Pencils
TXA-1125,Pencil
TXA-1125,Eraser
TXA-1126,Eraser
TXA-1126,Colored Pencils
TXA-1126,Paper Clips
TXA-1126,Scissors
TXA-1126,Folder
TXA-1127,Folder
TXA-1127,Sharpener
TXA-1127,Crayon Set
TXA-1127,Sticky Notes
TXA-1127,Pencil Case
TXA-1128,Pencil Case
TXA-1128,Intermediate Pad
TXA-1128,Sticky Notes
TXA-1129,Pencil
TXA-1129,Glue Stick
TXA-1129,Protractor
TXA-1129,Sharpener
TXA-1129,Ruler
TXA-1130,Highlighter
TXA-1130,Compass
TXA-1131,Sharpener
TXA-1131,Correction Tape
TXA-1132,Pencil Case
TXA-1132,Folder
TXA-1132,Sticky Notes
TXA-1132,Highlighter
TXA-1133,Scissors
TXA-1133,Compass
TXA-1133,Highlighter
TXA-1134,Colored Pencils
TXA-1134,Watercolor Set
TXA-1134,Glue Stick
TXA-1134,Ruler
TXA-1135,Correction Tape
TXA-1135,Notebook
TXA-1136,Pencil
TXA-1136,Eraser
TXA-1136,Crayon Set
TXA-1137,Eraser
TXA-1137,Notebook
TXA-1137,Sticky Notes
TXA-1137,Highlighter
TXA-1137,Scissors
TXA-1137,Compass
TXA-1138,Compass
TXA-1138,Pencil Case
TXA-1138,Notebook
TXA-1138,Sharpener
TXA-1138,Index Cards
TXA-1139,Pencil
TXA-1139,Sticky Notes
TXA-1139,Highlighter
TXA-1139,Notebook
TXA-1139,Colored Pencils
TXA-1140,Pencil
TXA-1140,Glue Stick
TXA-1140,Paper Clips
TXA-1140,Pencil Case
TXA-1140,Ruler
TXA-1140,Crayon Set
TXA-1141,Watercolor Set
TXA-1141,Glue Stick
TXA-1141,Eraser
TXA-1141,Highlighter
TXA-1141,Pencil Case
TXA-1142,Watercolor Set
TXA-1142,Index Cards
TXA-1143,Notebook
TXA-1143,Pencil
TXA-1144,Pencil Case
TXA-1144,Sticky Notes
TXA-1144,Eraser
TXA-1144,Highlighter
TXA-1144,Colored Pencils
TXA-1144,Pencil
TXA-1145,Notebook
TXA-1145,Sticky Notes
TXA-1145,Protractor
TXA-1146,Ruler
TXA-1146,Compass
TXA-1146,Glue Stick
TXA-1146,Pencil
TXA-1146,Correction Tape
TXA-1147,Crayon Set
TXA-1147,Scissors
TXA-1147,Ruler
TXA-1148,Ruler
TXA-1148,Index Cards
TXA-1149,Colored Pencils
TXA-1149,Scissors
TXA-1149,Notebook
TXA-1150,Pencil Case
TXA-1150,Pencil
TXA-1150,Correction Tape
TXA-1150,Highlighter
TXA-1150,Index Cards
TXA-1150,Eraser
TXA-1151,Pencil Case
TXA-1151,Pencil
TXA-1151,Paper Clips
TXA-1151,Crayon Set
TXA-1151,Highlighter
TXA-1152,Notebook
TXA-1152,Sticky Notes
TXA-1152,Crayon Set
TXA-1152,Highlighter
TXA-1153,Pencil
TXA-1153,Sharpener
TXA-1153,Scissors
TXA-1154,Paper Clips
TXA-1154,Glue Stick
TXA-1154,Pencil Case
TXA-1155,Colored Pencils
TXA-1155,Glue Stick
TXA-1155,Pencil Case
TXA-1156,Sharpener
TXA-1156,Pencil Case
TXA-1156,Ruler
TXA-1156,Pencil
TXA-1157,Compass
TXA-1157,Glue Stick
TXA-1157,Correction Tape
TXA-1157,Protractor
TXA-1157,Notebook
TXA-1157,Sharpener
TXA-1158,Ruler
TXA-1158,Pencil
TXA-1158,Sticky Notes
TXA-1159,Folder
TXA-1159,Pencil
TXA-1159,Paper Clips
TXA-1159,Pencil Case
TXA-1159,Notebook
TXA-1160,Notebook
TXA-1160,Ruler
TXA-1160,Sticky Notes
TXA-1161,Pencil Case
TXA-1161,Crayon Set
TXA-1161,Paper Clips
TXA-1161,Eraser
TXA-1161,Sticky Notes
TXA-1162,Folder
TXA-1162,Pencil Case
TXA-1162,Ruler
TXA-1162,Scissors
TXA-1162,Colored Pencils
TXA-1163,Eraser
TXA-1163,Colored Pencils
TXA-1163,Sharpener
TXA-1163,Sticky Notes
TXA-1163,Ruler
TXA-1164,Eraser
TXA-1164,Notebook
TXA-1165,Sharpener
TXA-1165,Eraser
TXA-1165,Scissors
TXA-1166,Pencil Case
TXA-1166,Folder
TXA-1166,Ruler
TXA-1166,Colored Pencils
TXA-1166,Eraser
TXA-1167,Pencil
TXA-1167,Crayon Set
TXA-1167,Highlighter
TXA-1167,Protractor
TXA-1168,Ruler
TXA-1168,Pencil Case
TXA-1168,Highlighter
TXA-1169,Pencil
TXA-1169,Correction Tape
TXA-1169,Folder
TXA-1169,Eraser
TXA-1170,Eraser
TXA-1170,Sharpener
TXA-1170,Pencil
TXA-1170,Correction Tape
TXA-1171,Watercolor Set
TXA-1171,Scissors
TXA-1171,Folder
TXA-1171,Eraser
TXA-1171,Notebook
TXA-1171,Highlighter
TXA-1172,Glue Stick
TXA-1172,Correction Tape
TXA-1172,Eraser
TXA-1173,Crayon Set
TXA-1173,Eraser
TXA-1173,Sharpener
TXA-1173,Glue Stick
TXA-1173,Paper Clips
TXA-1174,Intermediate Pad
TXA-1174,Watercolor Set
TXA-1174,Correction Tape
TXA-1174,Sharpener
TXA-1174,Pencil Case
TXA-1174,Protractor
TXA-1175,Pencil Case
TXA-1175,Glue Stick
TXA-1175,Folder
TXA-1175,Sticky Notes
TXA-1175,Correction Tape
TXA-1175,Notebook
TXA-1176,Pencil Case
TXA-1176,Index Cards
TXA-1176,Colored Pencils
TXA-1177,Intermediate Pad
TXA-1177,Pencil
TXA-1177,Sharpener
TXA-1177,Colored Pencils
TXA-1177,Pencil Case
TXA-1178,Highlighter
TXA-1178,Pencil
TXA-1178,Folder
TXA-1178,Glue Stick
TXA-1178,Colored Pencils
TXA-1179,Notebook
TXA-1179,Pencil
TXA-1179,Crayon Set
TXA-1179,Eraser
TXA-1179,Watercolor Set
TXA-1180,Colored Pencils
TXA-1180,Pencil Case
TXA-1180,Highlighter
TXA-1180,Notebook
TXA-1180,Index Cards
TXA-1181,Pencil Case
TXA-1181,Folder
TXA-1181,Ruler
TXA-1181,Intermediate Pad
TXA-1181,Highlighter
TXA-1181,Sticky Notes
TXA-1182,Glue Stick
TXA-1182,Ruler
TXA-1183,Folder
TXA-1183,Paper Clips
TXA-1184,Watercolor Set
TXA-1184,Pencil
TXA-1184,Notebook
TXA-1184,Highlighter
TXA-1185,Sharpener
TXA-1185,Highlighter
TXA-1185,Crayon Set
TXA-1185,Scissors
TXA-1186,Pencil
TXA-1186,Sharpener
TXA-1186,Glue Stick
TXA-1187,Crayon Set
TXA-1187,Colored Pencils
TXA-1187,Correction Tape
TXA-1187,Glue Stick
TXA-1187,Highlighter
TXA-1188,Ruler
TXA-1188,Watercolor Set
TXA-1188,Folder
TXA-1189,Ruler
TXA-1189,Pencil Case
TXA-1189,Notebook
TXA-1189,Glue Stick
TXA-1189,Highlighter
TXA-1190,Notebook
TXA-1190,Scissors
TXA-1191,Watercolor Set
TXA-1191,Notebook
TXA-1191,Ruler
TXA-1191,Colored Pencils
TXA-1191,Crayon Set
TXA-1191,Protractor
TXA-1192,Pencil
TXA-1192,Watercolor Set
TXA-1193,Pencil Case
TXA-1193,Watercolor Set
TXA-1194,Intermediate Pad
TXA-1194,Pencil Case
TXA-1194,Eraser
TXA-1194,Pencil
TXA-1195,Folder
TXA-1195,Correction Tape
TXA-1195,Notebook
TXA-1196,Ruler
TXA-1196,Compass
TXA-1197,Paper Clips
TXA-1197,Notebook
TXA-1197,Sharpener
TXA-1197,Crayon Set
TXA-1197,Pencil Case
TXA-1197,Eraser
TXA-1198,Correction Tape
TXA-1198,Eraser
TXA-1199,Highlighter
TXA-1199,Sharpener
TXA-1199,Ruler
TXA-1199,Colored Pencils
TXA-1199,Eraser
TXA-1199,Glue Stick
TXA-1200,Correction Tape
TXA-1200,Notebook
TXA-1200,Eraser
TXA-1200,Pencil
TXA-1200,Sticky Notes
TXA-1200,Ruler
